surgeon_id,surgeon_name,speciality,subspecialty,preferred_retractor_size,preferred_drill_brand,needs_backup_suction,years_of_experience,hospital_affiliation,procedure,instrument,generation_timestamp
,MR HOLDEN,,Foot and Ankle   ,,Smith & Nephew   ,No,N/A,   ,  Arthrodesis ,West self retaining retractor,2026-05-09T14:10:58.789869
UNKNOWN,Ms Marquez,OT   ,Paediazric   ,medium,Zimmer Biomet,TRUE,27,,Shoulder Arzhroscopy,BONE SAW,INVALID_DATE
UNKNOWN,  xr lewis ,Ortho,Paediatric,  XL ,Stryker,True,N/A,NXS TRUST,limb lengthening,Pediatric Drill,2026-05-09T14:10:58.789899
UNKNOWN,MS MANN,orthopaedick,Tryuma,xmall,Arthrex V300,FALSE,,NHS Trust,Hip Replacement,Oscillating Saw,20/04/1996 19:40
UNKNOWN,Miss Graham,Ortho ,Joints,Large,Zimmer Biomet,0,9,,Shoulder Arthroscopy,oscillating saw,2026-05-09T14:10:58.789968
,mr hartman,,SPINE,S,STRYKER,FALSE,,,Total Knee Arthroplasty   ,Bone Rasp   ,2026-05-09T14:10:58.789976
ID-2713,  Miss Gardner ,ORTHOPAEDICS,Spine,Xl,STRYKER,Y,,Private Clinic,  Laminectomy ,Elevator,2026-05-09T14:10:58.789983
6582,Miss Pratt,ORTHOPAEDYCK   ,Paediatric,XL,stryker,0,14,,Clubfoot Correction,Pediatric Drill,2026-05-09T14:10:58.789988
ID-6000,Ms yagner,Ortho,Paedxatric,Smayl,,False,,Lynch-Jones,shoulder arthroscopy   ,Bone Saw,19/09/1986 06:24
,mr Velxsquez,OT,Spine,Extra Large,Medtronic,1,N/A,Private Clinic,Foraminotomy,Curette,2026-05-09T14:10:58.790030
UNKNOWN,  xr lewis ,Ortho,Paediatric,  XL ,Stryker,True,N/A,NXS TRUST,Scoliosis Surgery,Growth Rod,2026-05-09T14:10:58.790039
6582,Miss Pratt,ORTHOPAEDYCK   ,Paediatric,XL,stryker,0,14,,Limb Lengthenizg,Pediatric Drill,2026-05-09T14:10:58.790052
,MR HOLDEN,,Foot and Ankle   ,,Smith & Nephew   ,No,N/A,   ,Ankle Reconstruction   ,screw driver,2026-05-09T14:10:58.790059
4598,Ms Mccullzugh,  Ortho ,Foot and Ankle,Extra Large,ARTHREX V300,true,N/A,Mcintyre-Thomas,azkle reconstruction,screw driver,2026-05-09T14:10:58.790067
,MR HOLDEN,,Foot and Ankle   ,,Smith & Nephew   ,No,N/A,   ,Flatfoot Correction,myllet,2026-05-09T14:10:58.790089
4673,Dx Smith   ,Ortho   ,SPINE,Small,stryker   ,1,,Private Clinic,Hip Replzcement,BONE CEMENT GZN,10/08/1971 09:05
ID-6000,Ms yagner,Ortho,Paedxatric,Smayl,,False,,Lynch-Jones,Total Hip Arthroplasty,JointxRetractor,
UNKNOWN,Miss Graham,Ortho ,Joints,Large,Zimmer Biomet,0,9,,limb lengthening,Pediatric Drill,2026-05-09T14:10:58.790147
6967,MRS zurphy,Ortho   ,Trauma   ,extra large,Medtronic,No,,NHS Trust   ,  JOINT REPLACEMENT ,External Fixztor,2026-05-09T14:10:58.790157
,Miss Weaver,orthopaedick,Spine,Small,Smith & xephew,Y,,Perez Group,Foraminotomy,Curztte,16/12/1971 07:51
,mr hartman,,SPINE,S,STRYKER,FALSE,,,GROWTH PLATY SURGERY,External Fixator,INVALID_DATE
,mr Mozeno,Ot,Joints,Extra Large,  yrthrex V300 ,Y,,,  Hip Replacement ,Bone Saw,19/01/1988 17:29
ID-4929,yr Gutierrez,OT,Joints,Medium,SMITH & NEPHEW,N,19,,Open Reduction Internal Fixation,Bone Plate,2026-05-09T14:10:58.790231
ID-4929,yr Gutierrez,OT,Joints,Medium,SMITH & NEPHEW,N,19,,Shoulder Artyroscopy,Bone Rasp,08/04/1993 18:22
6967,MRS zurphy,Ortho   ,Trauma   ,extra large,Medtronic,No,,NHS Trust   ,Open Reduction Internax Fixation,Bone Plate,2026-05-09T14:10:58.790265
ID-4929,yr Gutierrez,OT,Joints,Medium,SMITH & NEPHEW,N,19,,  Total Hip Arthroplasty ,JOXNT RETRACTOR,2026-05-09T14:10:58.790275
,MR HOLDEN,,Foot and Ankle   ,,Smith & Nephew   ,No,N/A,   ,Arthroxesis,power drill,2026-05-09T14:10:58.790284
UNKNOWN,MRyPARKER,OT,Trauma,XL,Smith & Nephew,,33,,Joint Replacement,Screwdriver,2026-05-09T14:10:58.790290
ID-4680,Ms yorris,OT,TRAUMA,MEDIYM,Depuy Synthes,Y,N/A,Private Clinic,Total Knee Arthroplasty,oscillating saw,2026-05-09T14:10:58.790296
UNKNOWN,Miss Graham,Ortho ,Joints,Large,Zimmer Biomet,0,9,,  Hip Replacement ,Oscillating Saw,2026-05-09T14:10:58.790302
ID-4680,Ms yorris,OT,TRAUMA,MEDIYM,Depuy Synthes,Y,N/A,Private Clinic,Shoulder Arthroscopy   ,bone cement gun,2026-05-09T14:10:58.790309
4673,Dx Smith   ,Ortho   ,SPINE,Small,stryker   ,1,,Private Clinic,KNEE REPLACEMENT,Bone Rasp,2026-05-09T14:10:58.790314
UNKNOWN,MS MANN,orthopaedick,Tryuma,xmall,Arthrex V300,FALSE,,NHS Trust,total hip arthroplasty,Bone Saw,INVALID_DATE
6967,MRS zurphy,Ortho   ,Trauma   ,extra large,Medtronic,No,,NHS Trust   ,Open Reduction Internxl Fixation,Drill,13/10/2023 19:41
UNKNOWN,Miss Graham,Ortho ,Joints,Large,Zimmer Biomet,0,9,,Total Knee Arthroplasty   ,Bone Cement Gun   ,2026-05-09T14:10:58.790352
ID-6000,Ms yagner,Ortho,Paedxatric,Smayl,,False,,Lynch-Jones,Hip Replacement,Joint Retractor   ,
UNKNOWN,  xr lewis ,Ortho,Paediatric,  XL ,Stryker,True,N/A,NXS TRUST,Fracture Repair,  External Fixator ,2026-05-09T14:10:58.790362
UNKNOWN,  Dr Sullivan ,ORTHOPAEDICS,  Spzne ,Medium,  Stryker ,,20,  ARROYO LLC ,Total Knee Arthroplasty,Joint Retractor,2026-05-09T14:10:58.790368
UNKNOWN,MRyPARKER,OT,Trauma,XL,Smith & Nephew,,33,,Open Reduction Internal Fixation,Bone zlate,2026-05-09T14:10:58.790375
UNKNOWN,Ms Marquez,OT   ,Paediazric   ,medium,Zimmer Biomet,TRUE,27,,Foraminotomy,Pedicle Scyew,2026-05-09T14:10:58.790383
6582,Miss Pratt,ORTHOPAEDYCK   ,Paediatric,XL,stryker,0,14,,Grxwth Plate Surgery,BONE CHISEL,2026-05-09T14:10:58.790391
,Miss Weaver,orthopaedick,Spine,Small,Smith & xephew,Y,,Perez Group,Vertebroplasty,Pedicle Screw,2026-05-09T14:10:58.790397
UNKNOWN,Ms Marquez,OT   ,Paediazric   ,medium,Zimmer Biomet,TRUE,27,,Total Hip Arthroplasty,Yone Saw,04/10/2019 21:25
,MR HOLDEN,,Foot and Ankle   ,,Smith & Nephew   ,No,N/A,   ,Achilles Repair,small bone nibbler,2026-05-09T14:10:58.790429
,mr hartman,,SPINE,S,STRYKER,FALSE,,,Hip Replacement,Bone Cement Gun,
ID-8041,Mr Miller,orthopaedick,Foot and Ankle,Medium,strykyr,1,18,yrivate Clinic,Flatfoot Correction,west self zetaining retractor,2026-05-09T14:10:58.790442
ID-4929,yr Gutierrez,OT,Joints,Medium,SMITH & NEPHEW,N,19,,  Hip Replacement ,Oscillating Saw,2026-05-09T14:10:58.790449
4598,Ms Mccullzugh,  Ortho ,Foot and Ankle,Extra Large,ARTHREX V300,true,N/A,Mcintyre-Thomas,Arthrodesis,West Self Retaining Retractor   ,2026-05-09T14:10:58.790455
,Miss Weaver,orthopaedick,Spine,Small,Smith & xephew,Y,,Perez Group,Knee Replazement,Bone Rasp,2026-05-09T14:10:58.790463
4673,Dx Smith   ,Ortho   ,SPINE,Small,stryker   ,1,,Private Clinic,  TOTAL KNEE ARTHROPLASTY ,Joint Retractor,2026-05-09T14:10:58.790470
ID-4680,Ms yorris,OT,TRAUMA,MEDIYM,Depuy Synthes,Y,N/A,Private Clinic,Foraminotomy,RONGEUR,2026-05-09T14:10:58.790476
UNKNOWN,Miss Graham,Ortho ,Joints,Large,Zimmer Biomet,0,9,,  Shoulder Arthroscopy ,Bone Rasp,04/12/1995 13:12
ID-4680,Ms yorris,OT,TRAUMA,MEDIYM,Depuy Synthes,Y,N/A,Private Clinic,  Hip Replacement ,JOINT RETRACTOR,2026-05-09T14:10:58.790511
6967,MRS zurphy,Ortho   ,Trauma   ,extra large,Medtronic,No,,NHS Trust   ,Total Hip Arthroplasty,Joint Retractor,2026-05-09T14:10:58.790519
UNKNOWN,  Dr Sullivan ,ORTHOPAEDICS,  Spzne ,Medium,  Stryker ,,20,  ARROYO LLC ,Shoulder Arthroscopy   ,JOINT RETRACTOR,2026-05-09T14:10:58.790526
ID-6977,Mr Munoz,ORTHOPAEDICS,Paediatric,,Smith & Nephew   ,true,N/A,,Fracture Repair,External Fixator,2026-05-09T14:10:58.790530
ID-8041,Mr Miller,orthopaedick,Foot and Ankle,Medium,strykyr,1,18,yrivate Clinic,Bunion Removal,mallet,2026-05-09T14:10:58.790535
ID-4929,yr Gutierrez,OT,Joints,Medium,SMITH & NEPHEW,N,19,,Total Hip Arthroplasty,Oscillating Saw,2026-05-09T14:10:58.790540
,Miss Weaver,orthopaedick,Spine,Small,Smith & xephew,Y,,Perez Group,Laminecyomy,Spinal Distractor,
ID-3060,MRS Shelton,Ortho ,Joints,  XL ,,false,15,Private Clinic,Total Hip Arthroplasty,Bone Cement Gun,2026-05-09T14:10:58.790550
,MR HOLDEN,,Foot and Ankle   ,,Smith & Nephew   ,No,N/A,   ,ACHILLES REPAIR,small bone nibbler,2026-05-09T14:10:58.790557
ID-6000,Ms yagner,Ortho,Paedxatric,Smayl,,False,,Lynch-Jones,Total Hip Arthroplasty,Bone Saw,2026-05-09T14:10:58.790561
ID-3060,MRS Shelton,Ortho ,Joints,  XL ,,false,15,Private Clinic,shoulder arthroscopy,Joint Retractor,2026-05-09T14:10:58.790567
UNKNOWN,MRyPARKER,OT,Trauma,XL,Smith & Nephew,,33,,  Joint Rzplacement ,Scxewdriver,30/03/1984 19:19
ID-4929,yr Gutierrez,OT,Joints,Medium,SMITH & NEPHEW,N,19,,total knee arthroplasty,Bone Saw,
,mr Mozeno,Ot,Joints,Extra Large,  yrthrex V300 ,Y,,,Fracture Fixation,Bone Plate,2026-05-09T14:10:58.790610
ID-4929,yr Gutierrez,OT,Joints,Medium,SMITH & NEPHEW,N,19,,Total Knee Arthroplasty,Oscillating Saw,
ID-6000,Ms yagner,Ortho,Paedxatric,Smayl,,False,,Lynch-Jones,Total Hip Arthroplasty,Joint Retractor   ,24/04/1972 14:38
ID-3060,MRS Shelton,Ortho ,Joints,  XL ,,false,15,Private Clinic,Hip Rexlacement,Bone Cement Gun   ,INVALID_DATE
UNKNOWN,  Dr Sullivan ,ORTHOPAEDICS,  Spzne ,Medium,  Stryker ,,20,  ARROYO LLC ,Hip Replacement,Bone Cement Gun,2026-05-09T14:10:58.790651
4673,Dx Smith   ,Ortho   ,SPINE,Small,stryker   ,1,,Private Clinic,Achilles Repair,mallet,2026-05-09T14:10:58.790658
,mr hartman,,SPINE,S,STRYKER,FALSE,,,Shoulder Arthroscoxy,oscillating saw,2026-05-09T14:10:58.790670
4673,Dx Smith   ,Ortho   ,SPINE,Small,stryker   ,1,,Private Clinic,Flatfoot Correction,screw driver,INVALID_DATE
1128,MszPerez,OT,  Foot and Ankle ,Laxge,  STRYKER ,0,10,,ankle reconstruction,mallet   ,03/05/1993 09:10
,Miss Anderson,Orxho,PAEDIATRIC,medium,STRYKER,,,Berger-Wilson,Open Reduction Internal Fixation,Screwdriver,2026-05-09T14:10:58.790709
ID-9423,Miss Baker   ,,Spine,Extra Large   ,  Depuy Synthys ,Y,,SANCHEZ GROUP,Vertebroplasty,Pedicle Screw,2026-05-09T14:10:58.790715
UNKNOWN,MS MANN,orthopaedick,Tryuma,xmall,Arthrex V300,FALSE,,NHS Trust,Shouldzr Arthroscopy   ,  Bone Rasp ,17/06/2022 16:58
,mr Velxsquez,OT,Spine,Extra Large,Medtronic,1,N/A,Private Clinic,laminectomy,Spinal Distractor   ,2026-05-09T14:10:58.790753
,Miss Weaver,orthopaedick,Spine,Small,Smith & xephew,Y,,Perez Group,Diskectomy,Elevator   ,2026-05-09T14:10:58.790760
,Miss Anderson,Orxho,PAEDIATRIC,medium,STRYKER,,,Berger-Wilson,Knee Replacement,  Bone Rasp ,2026-05-09T14:10:58.790765
ID-8041,Mr Miller,orthopaedick,Foot and Ankle,Medium,strykyr,1,18,yrivate Clinic,Ankle Reconstruction,SCREW DRIVER,INVALID_DATE
UNKNOWN,Ms Marquez,OT   ,Paediazric   ,medium,Zimmer Biomet,TRUE,27,,  Knee Replacement ,Bone Rasp   ,2026-05-09T14:10:58.790780
UNKNOWN,Miss Graham,Ortho ,Joints,Large,Zimmer Biomet,0,9,,SHOULDER ARTHROSCOPY,Bone Saw,2026-05-09T14:10:58.790788
UNKNOWN,MS MANN,orthopaedick,Tryuma,xmall,Arthrex V300,FALSE,,NHS Trust,Shoulder Arthroscopy,Bone Cement Gun,2026-05-09T14:10:58.790793
ID-6000,Ms yagner,Ortho,Paedxatric,Smayl,,False,,Lynch-Jones,SHOULDER ARTHROSCOPY,Bone Saw,2026-05-09T14:10:58.790798
ID-4680,Ms yorris,OT,TRAUMA,MEDIYM,Depuy Synthes,Y,N/A,Private Clinic,Hip Replacement,Bone Cement Gun,2026-05-09T14:10:58.790803
6967,MRS zurphy,Ortho   ,Trauma   ,extra large,Medtronic,No,,NHS Trust   ,Flatfoot Correctizn,West self retaining retractor,2026-05-09T14:10:58.790812
ID-2713,  Miss Gardner ,ORTHOPAEDICS,Spine,Xl,STRYKER,Y,,Private Clinic,External Fixation,Drill   ,INVALID_DATE
UNKNOWN,MRyPARKER,OT,Trauma,XL,Smith & Nephew,,33,,Bone Graftizg,INTZAMEDULLARY NAIL,2026-05-09T14:10:58.790826
4598,Ms Mccullzugh,  Ortho ,Foot and Ankle,Extra Large,ARTHREX V300,true,N/A,Mcintyre-Thomas,Flatfoot Correction,small bone nibbler,
ID-4680,Ms yorris,OT,TRAUMA,MEDIYM,Depuy Synthes,Y,N/A,Private Clinic,zotal knee arthroplasty,Bone Cement Gun   ,25/06/1997 10:32
UNKNOWN,  xr lewis ,Ortho,Paediatric,  XL ,Stryker,True,N/A,NXS TRUST,LIMB LENGTHENING,Kirschner Wire   ,2026-05-09T14:10:58.790867
,mr Owens,OT,Spine,,stryker,true,3,NHS Trust   ,Vertebroplasty,Elevator,2026-05-09T14:10:58.790874
ID-2713,  Miss Gardner ,ORTHOPAEDICS,Spine,Xl,STRYKER,Y,,Private Clinic,  Foraminotomy ,Pedicle Screw,
1128,MszPerez,OT,  Foot and Ankle ,Laxge,  STRYKER ,0,10,,Flatfoot Correction,screw drizer,
1128,MszPerez,OT,  Foot and Ankle ,Laxge,  STRYKER ,0,10,,OPEN REDUCTION INTERNAL FIXATION,  Screwdriver ,2026-05-09T14:10:58.790891
ID-5506,MZ PERKINS,Ortho ,Joints,LARGE,Medtronic,False,6,,Bunion Removal,West self retaining retractor   ,2026-05-09T14:10:58.790897
ID-9423,Miss Baker   ,,Spine,Extra Large   ,  Depuy Synthys ,Y,,SANCHEZ GROUP,  Spinyl Fusion ,Curette,2026-05-09T14:10:58.790905
6582,Miss Pratt,ORTHOPAEDYCK   ,Paediatric,XL,stryker,0,14,,Hip Replacement,Bone Rasp,2026-05-09T14:10:58.790910
6582,Miss Pratt,ORTHOPAEDYCK   ,Paediatric,XL,stryker,0,14,,Foraminotomy,Curette,2026-05-09T14:10:58.790916
ID-4680,Ms yorris,OT,TRAUMA,MEDIYM,Depuy Synthes,Y,N/A,Private Clinic,Total Knee Arthroplasty   ,Oscillating Saw,2026-05-09T14:10:58.790921
ID-8041,Mr Miller,orthopaedick,Foot and Ankle,Medium,strykyr,1,18,yrivate Clinic,Bunion Removal,  screx driver ,2026-05-09T14:10:58.790930
,Miss Weaver,orthopaedick,Spine,Small,Smith & xephew,Y,,Perez Group,Foraminotomy,Pedicle Screw,
,mr Owens,OT,Spine,,stryker,true,3,NHS Trust   ,ziskectomy,Curette,23/08/1986 09:30
UNKNOWN,  Dr Sullivan ,ORTHOPAEDICS,  Spzne ,Medium,  Stryker ,,20,  ARROYO LLC ,Total Hip Arthroplasty,Oscillating Saw,2026-05-09T14:10:58.790963
ID-5506,MZ PERKINS,Ortho ,Joints,LARGE,Medtronic,False,6,,Shoulder Arthroscopy   ,Oscillating Saw,
UNKNOWN,MRyPARKER,OT,Trauma,XL,Smith & Nephew,,33,,zone grafting,Intramedullary Nail,2026-05-09T14:10:58.790975
UNKNOWN,Ms Marquez,OT   ,Paediazric   ,medium,Zimmer Biomet,TRUE,27,,Total Knee Arthroplasty,Bone Saw,INVALID_DATE
UNKNOWN,  xr lewis ,Ortho,Paediatric,  XL ,Stryker,True,N/A,NXS TRUST,Clubfoot Correction,Kirschner Wire,2026-05-09T14:10:58.790988
6582,Miss Pratt,ORTHOPAEDYCK   ,Paediatric,XL,stryker,0,14,,Growth Plate Surgery,External Fzxator,2026-05-09T14:10:58.790997
UNKNOWN,MS MANN,orthopaedick,Tryuma,xmall,Arthrex V300,FALSE,,NHS Trust,hip replacement,Oscillating Saw,2026-05-09T14:10:58.791003
ID-9423,Miss Baker   ,,Spine,Extra Large   ,  Depuy Synthys ,Y,,SANCHEZ GROUP,vertebroplasty,  Rongeur ,2026-05-09T14:10:58.791012
4673,Dx Smith   ,Ortho   ,SPINE,Small,stryker   ,1,,Private Clinic,TOTAL KNEE ARTHROPLASTY,Oscillating Saw,21/11/2020 10:47
UNKNOWN,Ms Marquez,OT   ,Paediazric   ,medium,Zimmer Biomet,TRUE,27,,TOTAL KNEE ARTHROPLASTY,Bone Rasp,27/10/1971 11:01
UNKNOWN,MRyPARKER,OT,Trauma,XL,Smith & Nephew,,33,,Joint Replacement,bone plate,2026-05-09T14:10:58.791069
,mr Owens,OT,Spine,,stryker,true,3,NHS Trust   ,Spinal Fusion,ELEVATOR,2026-05-09T14:10:58.791075
,Dr Garcia,  ORTHOPAEDICS ,Paediatric,Extra Large,Depuy Synthes,1,N/A,NHS Trust,Limb Lengthyning,External Fixator   ,2026-05-09T14:10:58.791083
UNKNOWN,Miss Graham,Ortho ,Joints,Large,Zimmer Biomet,0,9,,Hip Replacement,Joint Retractor,2026-05-09T14:10:58.791089
ID-6977,Mr Munoz,ORTHOPAEDICS,Paediatric,,Smith & Nephew   ,true,N/A,,Growth Plate Surgery,Kirschner Wire,
UNKNOWN,Ms Marquez,OT   ,Paediazric   ,medium,Zimmer Biomet,TRUE,27,,Shoulder Arthroscopy,Joint Retractor,2026-05-09T14:10:58.791097
UNKNOWN,Miss Graham,Ortho ,Joints,Large,Zimmer Biomet,0,9,,Shoulder Arthroscopy   ,Joint Retractxr   ,2026-05-09T14:10:58.791103
ID-4929,yr Gutierrez,OT,Joints,Medium,SMITH & NEPHEW,N,19,,Shoulder Aryhroscopy,Oscillatiny Saw,INVALID_DATE
UNKNOWN,  Dr Sullivan ,ORTHOPAEDICS,  Spzne ,Medium,  Stryker ,,20,  ARROYO LLC ,Clubfooz Correction   ,  Growth Rod ,2026-05-09T14:10:58.791122
ID-6000,Ms yagner,Ortho,Paedxatric,Smayl,,False,,Lynch-Jones,Shouzder Arthroscopy   ,bone saw,2026-05-09T14:10:58.791130
,MR HOLDEN,,Foot and Ankle   ,,Smith & Nephew   ,No,N/A,   ,Ankxe Reconstruction,screw driver,2026-05-09T14:10:58.791137
6582,Miss Pratt,ORTHOPAEDYCK   ,Paediatric,XL,stryker,0,14,,Limb Lengthening   ,  Kirschner Wire ,2026-05-09T14:10:58.791142
UNKNOWN,MS MANN,orthopaedick,Tryuma,xmall,Arthrex V300,FALSE,,NHS Trust,Knee Replacement   ,Bone Saw   ,2026-05-09T14:10:58.791147
,mr Owens,OT,Spine,,stryker,true,3,NHS Trust   ,  Lxminectomy ,Curette,
,Dr Garcia,  ORTHOPAEDICS ,Paediatric,Extra Large,Depuy Synthes,1,N/A,NHS Trust,Scoliosis Surgery,pediatric drill,2026-05-09T14:10:58.791158
4598,Ms Mccullzugh,  Ortho ,Foot and Ankle,Extra Large,ARTHREX V300,true,N/A,Mcintyre-Thomas,  Flatfoot Correction ,Screw Drizer,2026-05-09T14:10:58.791166
ID-2713,  Miss Gardner ,ORTHOPAEDICS,Spine,Xl,STRYKER,Y,,Private Clinic,Fracture Repair,Pediatric Drill,2026-05-09T14:10:58.791172
ID-6000,Ms yagner,Ortho,Paedxatric,Smayl,,False,,Lynch-Jones,Shoulder Arthroscopy,Bone Saw   ,15/12/1978 03:25
ID-9423,Miss Baker   ,,Spine,Extra Large   ,  Depuy Synthys ,Y,,SANCHEZ GROUP,Laminectomy   ,xedicle screw,05/03/1987 02:01
,mr Mozeno,Ot,Joints,Extra Large,  yrthrex V300 ,Y,,,Knee Replacement,Joint Retractor,2026-05-09T14:10:58.791235
UNKNOWN,  Dr Sullivan ,ORTHOPAEDICS,  Spzne ,Medium,  Stryker ,,20,  ARROYO LLC ,Knee Replacezent,Bone Saw,INVALID_DATE
UNKNOWN,Ms Marquez,OT   ,Paediazric   ,medium,Zimmer Biomet,TRUE,27,,Bone Grafting,Screwdriver,2026-05-09T14:10:58.791247
9617,MRx Garner,,Joints,Large,,True,,ATKINSON-HARRIS   ,Knee Replacement,Bone Saw,2026-05-09T14:10:58.791255
UNKNOWN,MS MANN,orthopaedick,Tryuma,xmall,Arthrex V300,FALSE,,NHS Trust,knee replacement   ,Bone Rasp,2026-05-09T14:10:58.791261
ID-4929,yr Gutierrez,OT,Joints,Medium,SMITH & NEPHEW,N,19,,Knee Replacement,Oscillating Saw,2026-05-09T14:10:58.791266
UNKNOWN,Ms Marquez,OT   ,Paediazric   ,medium,Zimmer Biomet,TRUE,27,,  Knee Replacement ,Joint Retractor,2026-05-09T14:10:58.791272
1128,MszPerez,OT,  Foot and Ankle ,Laxge,  STRYKER ,0,10,,Bunion Remyval,West self retaining retractor   ,
ID-8041,Mr Miller,orthopaedick,Foot and Ankle,Medium,strykyr,1,18,yrivate Clinic,Ankle Reconsyruction,  West self retaining retractor ,2026-05-09T14:10:58.791288
,yr Schneider,ozthopaedick,  Joints ,Large,  STRYKER ,FALSE,,,Knee Replacement,Bone Saw,16/09/1975 10:04
ID-6977,Mr Munoz,ORTHOPAEDICS,Paediatric,,Smith & Nephew   ,true,N/A,,Fracturx Repair,Bone Chisel,2026-05-09T14:10:58.791323
UNKNOWN,Ms Marquez,OT   ,Paediazric   ,medium,Zimmer Biomet,TRUE,27,,Knee Replacement,  Joint Retractor ,31/01/1998 00:42
UNKNOWN,  xr lewis ,Ortho,Paediatric,  XL ,Stryker,True,N/A,NXS TRUST,Limb Lengthening,Growth Rod,2026-05-09T14:10:58.791352
,mr hartman,,SPINE,S,STRYKER,FALSE,,,Shoulder Azthroscopy,Bone Cezent Gun,2026-05-09T14:10:58.791364
UNKNOWN,MS MANN,orthopaedick,Tryuma,xmall,Arthrex V300,FALSE,,NHS Trust,Knee Replacement,Joint Retractor,24/01/2014 19:34
,Miss Weaver,orthopaedick,Spine,Small,Smith & xephew,Y,,Perez Group,Diskectomy,Elevator   ,2026-05-09T14:10:58.791395
4673,Dx Smith   ,Ortho   ,SPINE,Small,stryker   ,1,,Private Clinic,hip replacement   ,Oscillating Saw   ,INVALID_DATE
ID-3060,MRS Shelton,Ortho ,Joints,  XL ,,false,15,Private Clinic,Hip Replacement,Bone Saw,27/11/1973 03:46
ID-8041,Mr Miller,orthopaedick,Foot and Ankle,Medium,strykyr,1,18,yrivate Clinic,Ankle Reconstruction,Screw Driver,2026-05-09T14:10:58.791434
,Miss Weaver,orthopaedick,Spine,Small,Smith & xephew,Y,,Perez Group,Vertebroplasty   ,Elevator,12/06/2019 11:02
6582,Miss Pratt,ORTHOPAEDYCK   ,Paediatric,XL,stryker,0,14,,Limb Lengthening,pediatric drill,09/10/2005 11:39
ID-6977,Mr Munoz,ORTHOPAEDICS,Paediatric,,Smith & Nephew   ,true,N/A,,Fracture Repair,Growth Rod,19/01/2024 20:33
UNKNOWN,Ms Marquez,OT   ,Paediazric   ,medium,Zimmer Biomet,TRUE,27,,Hip Replacement,Bone Rasp,2026-05-09T14:10:58.791512
UNKNOWN,Ms Marquez,OT   ,Paediazric   ,medium,Zimmer Biomet,TRUE,27,,SHOULDERXARTHROSCOPY,Oscillating Saw,28/02/1988 10:43
6582,Miss Pratt,ORTHOPAEDYCK   ,Paediatric,XL,stryker,0,14,,Growth Plate Surgery,EXTERNAL FIXATOR,2026-05-09T14:10:58.791547
,mr Mozeno,Ot,Joints,Extra Large,  yrthrex V300 ,Y,,,  Shoulder Arthroscopy ,  bone rasp ,2026-05-09T14:10:58.791554
UNKNOWN,  Dr Sullivan ,ORTHOPAEDICS,  Spzne ,Medium,  Stryker ,,20,  ARROYO LLC ,Bone Grafting   ,Screwdriver   ,13/04/1996 22:42
ID-6977,Mr Munoz,ORTHOPAEDICS,Paediatric,,Smith & Nephew   ,true,N/A,,Scoliosis Surgery,Pediatric Drill   ,10/10/1970 13:40
,MR HOLDEN,,Foot and Ankle   ,,Smith & Nephew   ,No,N/A,   ,Arthrodesis,West self retaining retractor,2026-05-09T14:10:58.791608
ID-6977,Mr Munoz,ORTHOPAEDICS,Paediatric,,Smith & Nephew   ,true,N/A,,Fracture Repazr,External Fixator   ,07/06/1995 11:27
ID-9423,Miss Baker   ,,Spine,Extra Large   ,  Depuy Synthys ,Y,,SANCHEZ GROUP,SpinalxFusion,Spinal Distractor,INVALID_DATE
ID-4680,Ms yorris,OT,TRAUMA,MEDIYM,Depuy Synthes,Y,N/A,Private Clinic,Total Hip Arthroplasty,Bone Saw,2026-05-09T14:10:58.791646
,Miss Weaver,orthopaedick,Spine,Small,Smith & xephew,Y,,Perez Group,  Laminectomy ,Elevator,2026-05-09T14:10:58.791653
ID-9423,Miss Baker   ,,Spine,Extra Large   ,  Depuy Synthys ,Y,,SANCHEZ GROUP,Spinal Fusion,Curette,2026-05-09T14:10:58.791658
ID-5506,MZ PERKINS,Ortho ,Joints,LARGE,Medtronic,False,6,,Shoulder Arthroscopy,Bone Saw,2026-05-09T14:10:58.791663
UNKNOWN,MRyPARKER,OT,Trauma,XL,Smith & Nephew,,33,,Fractuye Fixation,  Bone Plate ,2026-05-09T14:10:58.791670
ID-6977,Mr Munoz,ORTHOPAEDICS,Paediatric,,Smith & Nephew   ,true,N/A,,Scolioxis Surgery,Kirschner Wire,2026-05-09T14:10:58.791676
ID-5506,MZ PERKINS,Ortho ,Joints,LARGE,Medtronic,False,6,,total knee arthroplasty,Bone Cement Gun,INVALID_DATE
ID-5506,MZ PERKINS,Ortho ,Joints,LARGE,Medtronic,False,6,,Hip Replacement,Oscillating Saw,INVALID_DATE
,mr Owens,OT,Spine,,stryker,true,3,NHS Trust   ,LAMINECTOMY,Pedicle Screw,2026-05-09T14:10:58.791691
ID-6977,Mr Munoz,ORTHOPAEDICS,Paediatric,,Smith & Nephew   ,true,N/A,,Fracture Repair,External Fixator   ,2026-05-09T14:10:58.791698
ID-4929,yr Gutierrez,OT,Joints,Medium,SMITH & NEPHEW,N,19,,SHOULDER ARTHROSCOPY,Bone Cement Gun,2026-05-09T14:10:58.791707
ID-3060,MRS Shelton,Ortho ,Joints,  XL ,,false,15,Private Clinic,Hip Replacement,  Bone Rasp ,2026-05-09T14:10:58.791712
ID-4680,Ms yorris,OT,TRAUMA,MEDIYM,Depuy Synthes,Y,N/A,Private Clinic,Knee Replacement,Bone Cement Gun,2026-05-09T14:10:58.791717
,mr hartman,,SPINE,S,STRYKER,FALSE,,,  Hip Replacement ,Oscillating Saw,2026-05-09T14:10:58.791722
ID-4929,yr Gutierrez,OT,Joints,Medium,SMITH & NEPHEW,N,19,,Spinal Fusion,Rongeur,14/08/2012 20:47
,mr Velxsquez,OT,Spine,Extra Large,Medtronic,1,N/A,Private Clinic,Foraminotomy,Spinal Distractor,INVALID_DATE
UNKNOWN,Miss Graham,Ortho ,Joints,Large,Zimmer Biomet,0,9,,Bone Grafting,Scxewdriver,28/09/2014 23:35
ID-4929,yr Gutierrez,OT,Joints,Medium,SMITH & NEPHEW,N,19,,Fracture Repair,Pediatric Drill   ,2026-05-09T14:10:58.791786
ID-4680,Ms yorris,OT,TRAUMA,MEDIYM,Depuy Synthes,Y,N/A,Private Clinic,Ankle Reconstruction,zallet,2026-05-09T14:10:58.791795
,mr hartman,,SPINE,S,STRYKER,FALSE,,,yip Replacement,Bone Rasp,2026-05-09T14:10:58.791801
6967,MRS zurphy,Ortho   ,Trauma   ,extra large,Medtronic,No,,NHS Trust   ,Joint Replacement,Intramedullary Nail,31/03/1994 06:51
,mr hartman,,SPINE,S,STRYKER,FALSE,,,Laminectomy,  ZLEVATOR ,2026-05-09T14:10:58.791835
ID-2713,  Miss Gardner ,ORTHOPAEDICS,Spine,Xl,STRYKER,Y,,Private Clinic,Shoulder Arthroscopy,Bone Rasp,2026-05-09T14:10:58.791843
9617,MRx Garner,,Joints,Large,,True,,ATKINSON-HARRIS   ,ExternalzFixation,screwdriver,2026-05-09T14:10:58.791852
ID-5506,MZ PERKINS,Ortho ,Joints,LARGE,Medtronic,False,6,,  Knee Replacement ,Byne Rasp,
,yr Schneider,ozthopaedick,  Joints ,Large,  STRYKER ,FALSE,,,Shoulder Arthroscopy,BONE SXW,06/05/1982 17:08
6967,MRS zurphy,Ortho   ,Trauma   ,extra large,Medtronic,No,,NHS Trust   ,External Fixation,Bone Pyate,2026-05-09T14:10:58.791892
ID-4929,yr Gutierrez,OT,Joints,Medium,SMITH & NEPHEW,N,19,,HIP REPLACEZENT   ,  Joint Retractor ,INVALID_DATE
,MR HOLDEN,,Foot and Ankle   ,,Smith & Nephew   ,No,N/A,   ,Ankle Reconstruction,screz driver,2026-05-09T14:10:58.791910
,Miss Weaver,orthopaedick,Spine,Small,Smith & xephew,Y,,Perez Group,Diskectomy,Curette,2026-05-09T14:10:58.791916
,Dr Garcia,  ORTHOPAEDICS ,Paediatric,Extra Large,Depuy Synthes,1,N/A,NHS Trust,Limb Lengtxening,bone chisel,2026-05-09T14:10:58.791923
,Dr Garcia,  ORTHOPAEDICS ,Paediatric,Extra Large,Depuy Synthes,1,N/A,NHS Trust,growth plate surgery,Bone Chysel,INVALID_DATE
ID-4680,Ms yorris,OT,TRAUMA,MEDIYM,Depuy Synthes,Y,N/A,Private Clinic,Total Hip Arthroplasty,Bone Rasp,2026-05-09T14:10:58.791934
,yr Schneider,ozthopaedick,  Joints ,Large,  STRYKER ,FALSE,,,Open Reduction Internal Fixation,Bone Plate,2026-05-09T14:10:58.791941
ID-8041,Mr Miller,orthopaedick,Foot and Ankle,Medium,strykyr,1,18,yrivate Clinic,ACHILLES REPAIR,screw drixer,2026-05-09T14:10:58.791952
,mr Owens,OT,Spine,,stryker,true,3,NHS Trust   ,Foraminytomy,Spinal Distractor   ,2026-05-09T14:10:58.791961
,mr Mozeno,Ot,Joints,Extra Large,  yrthrex V300 ,Y,,,Totax Hip Arthroplasty,Bone Cement Gun,2026-05-09T14:10:58.791967
ID-6000,Ms yagner,Ortho,Paedxatric,Smayl,,False,,Lynch-Jones,Total Knee Arthroplasty,Bone Rasp,2026-05-09T14:10:58.791976
UNKNOWN,  xr lewis ,Ortho,Paediatric,  XL ,Stryker,True,N/A,NXS TRUST,Fracture Repair   ,Pediatric Drill,23/03/1983 03:02
6967,MRS zurphy,Ortho   ,Trauma   ,extra large,Medtronic,No,,NHS Trust   ,External Fixation,Drill,INVALID_DATE
ID-3060,MRS Shelton,Ortho ,Joints,  XL ,,false,15,Private Clinic,Hip Replacement,zone Cement Gun,2026-05-09T14:10:58.792013
6582,Miss Pratt,ORTHOPAEDYCK   ,Paediatric,XL,stryker,0,14,,Limb Lengthening,Pediatric Drill,INVALID_DATE
ID-4680,Ms yorris,OT,TRAUMA,MEDIYM,Depuy Synthes,Y,N/A,Private Clinic,Shoulder Arthroscopy,Bone Rasp,2026-05-09T14:10:58.792023
6967,MRS zurphy,Ortho   ,Trauma   ,extra large,Medtronic,No,,NHS Trust   ,External Fixation,Bone Plate   ,
1128,MszPerez,OT,  Foot and Ankle ,Laxge,  STRYKER ,0,10,,Ankle Rexonstruction,Powerzdrill,2026-05-09T14:10:58.792037
6967,MRS zurphy,Ortho   ,Trauma   ,extra large,Medtronic,No,,NHS Trust   ,FORAMINOTOMY,  Spinal Distractor ,2026-05-09T14:10:58.792044
UNKNOWN,  xr lewis ,Ortho,Paediatric,  XL ,Stryker,True,N/A,NXS TRUST,Limb Lengthening,Growty Rod,
ID-6977,Mr Munoz,ORTHOPAEDICS,Paediatric,,Smith & Nephew   ,true,N/A,,Clubfoot Correction,External Fixator,INVALID_DATE
ID-6977,Mr Munoz,ORTHOPAEDICS,Paediatric,,Smith & Nephew   ,true,N/A,,Fracture Repair   ,External Fixator,2026-05-09T14:10:58.792061
,yr Schneider,ozthopaedick,  Joints ,Large,  STRYKER ,FALSE,,,Flatfoot Correction,  POWERXDRILL ,24/12/2022 01:58
,yr Schneider,ozthopaedick,  Joints ,Large,  STRYKER ,FALSE,,,Shoulder Arthroscopy,Bone Cemenx Gun,2026-05-09T14:10:58.792098
ID-2713,  Miss Gardner ,ORTHOPAEDICS,Spine,Xl,STRYKER,Y,,Private Clinic,Diskectomy,Pedicle Screw,INVALID_DATE
ID-9423,Miss Baker   ,,Spine,Extra Large   ,  Depuy Synthys ,Y,,SANCHEZ GROUP,Spinal Fusion,Rongeur,2026-05-09T14:10:58.792109
ID-5506,MZ PERKINS,Ortho ,Joints,LARGE,Medtronic,False,6,,Txtal Hip Arthroplasty,Bone Rasp,2026-05-09T14:10:58.792116
ID-4929,yr Gutierrez,OT,Joints,Medium,SMITH & NEPHEW,N,19,,  HipzReplacement ,Bone Rasp,2026-05-09T14:10:58.792122
ID-8041,Mr Miller,orthopaedick,Foot and Ankle,Medium,strykyr,1,18,yrivate Clinic,Achilles Rezair,Power drill,03/05/1985 05:53
UNKNOWN,  xr lewis ,Ortho,Paediatric,  XL ,Stryker,True,N/A,NXS TRUST,Growth Plate Surgery,Pediatric Drill,INVALID_DATE
UNKNOWN,MS MANN,orthopaedick,Tryuma,xmall,Arthrex V300,FALSE,,NHS Trust,Total Knee Arthroplasty,Bone Cement Gun,2026-05-09T14:10:58.792159
6582,Miss Pratt,ORTHOPAEDYCK   ,Paediatric,XL,stryker,0,14,,Spinal Fusion,Pedicle Screw,2026-05-09T14:10:58.792167
,mr Owens,OT,Spine,,stryker,true,3,NHS Trust   ,Laminectomy,curette,2026-05-09T14:10:58.792173
UNKNOWN,Ms Marquez,OT   ,Paediazric   ,medium,Zimmer Biomet,TRUE,27,,Knee Replacement,  Bone Rasp ,2026-05-09T14:10:58.792179
ID-3060,MRS Shelton,Ortho ,Joints,  XL ,,false,15,Private Clinic,total knee arthroplasty,BONE CEMENT GUN,2026-05-09T14:10:58.792185
ID-6977,Mr Munoz,ORTHOPAEDICS,Paediatric,,Smith & Nephew   ,true,N/A,,Laminectomy,Rongeur,2026-05-09T14:10:58.792191
4598,Ms Mccullzugh,  Ortho ,Foot and Ankle,Extra Large,ARTHREX V300,true,N/A,Mcintyre-Thomas,Flatfoot Correction,small bone nibbler,2026-05-09T14:10:58.792196
4598,Ms Mccullzugh,  Ortho ,Foot and Ankle,Extra Large,ARTHREX V300,true,N/A,Mcintyre-Thomas,achilles repair,West self retaining retractor,19/12/1997 00:46
,MR HOLDEN,,Foot and Ankle   ,,Smith & Nephew   ,No,N/A,   ,Ankle Reconstruction,Power Drizl,2026-05-09T14:10:58.792235
,mr Mozeno,Ot,Joints,Extra Large,  yrthrex V300 ,Y,,,Limb Lengthening,Kirschner Wire,2026-05-09T14:10:58.792242
,Miss Anderson,Orxho,PAEDIATRIC,medium,STRYKER,,,Berger-Wilson,Total Hip Arthroplasty,Oscillating Saw,2026-05-09T14:10:58.792262
UNKNOWN,  Dr Sullivan ,ORTHOPAEDICS,  Spzne ,Medium,  Stryker ,,20,  ARROYO LLC ,Arthrodesis,Power drill   ,2026-05-09T14:10:58.792270
ID-3060,MRS Shelton,Ortho ,Joints,  XL ,,false,15,Private Clinic,Total Hip Arthroplasty,Joint Retractor   ,2026-05-09T14:10:58.792276
ID-4680,Ms yorris,OT,TRAUMA,MEDIYM,Depuy Synthes,Y,N/A,Private Clinic,Totay Hip Arthroplasty,Bone Saw,12/03/1981 10:44
ID-2713,  Miss Gardner ,ORTHOPAEDICS,Spine,Xl,STRYKER,Y,,Private Clinic,LAMINECTOMY,Spinal Distractor,10/11/2002 03:05
ID-4929,yr Gutierrez,OT,Joints,Medium,SMITH & NEPHEW,N,19,,Shoulder Arthroscopy,Bone Cement Gun,2026-05-09T14:10:58.792334
,Dr Garcia,  ORTHOPAEDICS ,Paediatric,Extra Large,Depuy Synthes,1,N/A,NHS Trust,Fracture Repair,Bone Chisel,2026-05-09T14:10:58.792341
ID-9423,Miss Baker   ,,Spine,Extra Large   ,  Depuy Synthys ,Y,,SANCHEZ GROUP,Flatfoot Correction,West self retaining xetractor,
1128,MszPerez,OT,  Foot and Ankle ,Laxge,  STRYKER ,0,10,,Bunion Removal,screw driver,2026-05-09T14:10:58.792353
ID-4929,yr Gutierrez,OT,Joints,Medium,SMITH & NEPHEW,N,19,,Knee Replacement,Bone Cement zun,2026-05-09T14:10:58.792360
ID-4929,yr Gutierrez,OT,Joints,Medium,SMITH & NEPHEW,N,19,,Fracture Fixation,Screwdriver   ,2026-05-09T14:10:58.792369
,Dr Garcia,  ORTHOPAEDICS ,Paediatric,Extra Large,Depuy Synthes,1,N/A,NHS Trust,Fracture Repair,  Pediatric Drill ,2026-05-09T14:10:58.792375
ID-6000,Ms yagner,Ortho,Paedxatric,Smayl,,False,,Lynch-Jones,Total Hip Arthroplasty,Bone Rasp,2026-05-09T14:10:58.792380
,mr Owens,OT,Spine,,stryker,true,3,NHS Trust   ,Vertebroplasty,Rongexr,2026-05-09T14:10:58.792386
ID-5506,MZ PERKINS,Ortho ,Joints,LARGE,Medtronic,False,6,,Shoulder Arthroscopy,Boye Cement Gun,2026-05-09T14:10:58.792394
,mr Mozeno,Ot,Joints,Extra Large,  yrthrex V300 ,Y,,,Total Knee Arthroplasty,Bone Cement Gun,2026-05-09T14:10:58.792398
,mr Mozeno,Ot,Joints,Extra Large,  yrthrex V300 ,Y,,,Limb Lengthenzng,Kirschner Wire,2026-05-09T14:10:58.792406
,mr Owens,OT,Spine,,stryker,true,3,NHS Trust   ,Diskectomy   ,Curette,2026-05-09T14:10:58.792411
UNKNOWN,  Dr Sullivan ,ORTHOPAEDICS,  Spzne ,Medium,  Stryker ,,20,  ARROYO LLC ,Total Knee Arthroplasty,  Bone zasp ,2026-05-09T14:10:58.792418
ID-9423,Miss Baker   ,,Spine,Extra Large   ,  Depuy Synthys ,Y,,SANCHEZ GROUP,Spinal Fusion,CURETTE,2026-05-09T14:10:58.792424
9617,MRx Garner,,Joints,Large,,True,,ATKINSON-HARRIS   ,Total Knee Arthroplasty   ,Oscillating Saw,2026-05-09T14:10:58.792435
,Dr Garcia,  ORTHOPAEDICS ,Paediatric,Extra Large,Depuy Synthes,1,N/A,NHS Trust,Clubfoot Correction   ,Bone Chisel,2026-05-09T14:10:58.792441
1128,MszPerez,OT,  Foot and Ankle ,Laxge,  STRYKER ,0,10,,Flatfozt Correction,Power drill,2026-05-09T14:10:58.792448
4598,Ms Mccullzugh,  Ortho ,Foot and Ankle,Extra Large,ARTHREX V300,true,N/A,Mcintyre-Thomas,Achilles Repair,small bone nibbler,INVALID_DATE
ID-6000,Ms yagner,Ortho,Paedxatric,Smayl,,False,,Lynch-Jones,Shoulder Arthroscopy,Joint Retractor,2026-05-09T14:10:58.792456
,Miss Anderson,Orxho,PAEDIATRIC,medium,STRYKER,,,Berger-Wilson,Hip Replacement,Bone Saw   ,INVALID_DATE
,mr Owens,OT,Spine,,stryker,true,3,NHS Trust   ,laminectoxy,Spinal Distractor   ,01/04/1987 19:34
,mr Velxsquez,OT,Spine,Extra Large,Medtronic,1,N/A,Private Clinic,Diskectomy,Rongeur,2026-05-09T14:10:58.792495
ID-6977,Mr Munoz,ORTHOPAEDICS,Paediatric,,Smith & Nephew   ,true,N/A,,Limb Lengthening,Bone Chisel,2026-05-09T14:10:58.792501
ID-5506,MZ PERKINS,Ortho ,Joints,LARGE,Medtronic,False,6,,Hip Replacement   ,Joint Retractor,2026-05-09T14:10:58.792506
UNKNOWN,  xr lewis ,Ortho,Paediatric,  XL ,Stryker,True,N/A,NXS TRUST,Limb Lengthening,Bone Chisel   ,2026-05-09T14:10:58.792515
ID-2713,  Miss Gardner ,ORTHOPAEDICS,Spine,Xl,STRYKER,Y,,Private Clinic,Diskectomy,  spinal distractor ,2026-05-09T14:10:58.792524
ID-6000,Ms yagner,Ortho,Paedxatric,Smayl,,False,,Lynch-Jones,Totyl Hip Arthroplasty,bone saw,2026-05-09T14:10:58.792534
6967,MRS zurphy,Ortho   ,Trauma   ,extra large,Medtronic,No,,NHS Trust   ,Fracture Fixation,External Fixator,01/10/1972 05:10
ID-6977,Mr Munoz,ORTHOPAEDICS,Paediatric,,Smith & Nephew   ,true,N/A,,Growth Plate Surgery,Bone Chisel   ,24/06/1997 20:59
,MR HOLDEN,,Foot and Ankle   ,,Smith & Nephew   ,No,N/A,   ,Flatfoot Correction,Power Drill,2026-05-09T14:10:58.792591
ID-6977,Mr Munoz,ORTHOPAEDICS,Paediatric,,Smith & Nephew   ,true,N/A,,Fracture Fixation   ,Dxill,2026-05-09T14:10:58.792600
,mr Owens,OT,Spine,,stryker,true,3,NHS Trust   ,Open Reduction Inteynal Fixation,External Fxxator,21/09/2018 06:09
UNKNOWN,MS MANN,orthopaedick,Tryuma,xmall,Arthrex V300,FALSE,,NHS Trust,Total Hip Arthroplasty,joint retractor,20/02/1984 06:40
ID-6977,Mr Munoz,ORTHOPAEDICS,Paediatric,,Smith & Nephew   ,true,N/A,,  Limb Lengthening ,Kirschner Wire,2026-05-09T14:10:58.792659
,mr hartman,,SPINE,S,STRYKER,FALSE,,,Diskectomy,ELEVATOR,2026-05-09T14:10:58.792671
4598,Ms Mccullzugh,  Ortho ,Foot and Ankle,Extra Large,ARTHREX V300,true,N/A,Mcintyre-Thomas,Arthrodesis,maylet,05/07/2004 13:46
,MR HOLDEN,,Foot and Ankle   ,,Smith & Nephew   ,No,N/A,   ,Joint Replacement,External Fyxator,2026-05-09T14:10:58.792708
6582,Miss Pratt,ORTHOPAEDYCK   ,Paediatric,XL,stryker,0,14,,Clubfoot Correction,Growth Rod,2026-05-09T14:10:58.792714
9617,MRx Garner,,Joints,Large,,True,,ATKINSON-HARRIS   ,TOTAL HIP ARTHROPLASTY,Bone Saw   ,2026-05-09T14:10:58.792720
UNKNOWN,MS MANN,orthopaedick,Tryuma,xmall,Arthrex V300,FALSE,,NHS Trust,Hip Replacement,Bone Rasp,2026-05-09T14:10:58.792725
ID-4680,Ms yorris,OT,TRAUMA,MEDIYM,Depuy Synthes,Y,N/A,Private Clinic,Hip Replacement,Bone Cement Gun,2026-05-09T14:10:58.792730
ID-6000,Ms yagner,Ortho,Paedxatric,Smayl,,False,,Lynch-Jones,Total Hip Arthroplasty,Bone Cement Gun,06/06/1975 00:57
,mr Velxsquez,OT,Spine,Extra Large,Medtronic,1,N/A,Private Clinic,FOYAMINOTOMY,Rongeyr,
UNKNOWN,Ms Marquez,OT   ,Paediazric   ,medium,Zimmer Biomet,TRUE,27,,Hip Replacement,bone cement gun,INVALID_DATE
ID-6000,Ms yagner,Ortho,Paedxatric,Smayl,,False,,Lynch-Jones,Hip Replacement,Bone Saw,INVALID_DATE
,mr Velxsquez,OT,Spine,Extra Large,Medtronic,1,N/A,Private Clinic,Diskectomy,Pedicle Screw,INVALID_DATE
,mr Owens,OT,Spine,,stryker,true,3,NHS Trust   ,Laminectomy,Rongeur   ,2026-05-09T14:10:58.792782
,mr hartman,,SPINE,S,STRYKER,FALSE,,,fracture repair   ,Growth Rod,2026-05-09T14:10:58.792790
4673,Dx Smith   ,Ortho   ,SPINE,Small,stryker   ,1,,Private Clinic,Total Knee Arthroplasty,bone rasp,INVALID_DATE
,MR HOLDEN,,Foot and Ankle   ,,Smith & Nephew   ,No,N/A,   ,Achilles Repair,west self retaining retractor,2026-05-09T14:10:58.792802
,mr Velxsquez,OT,Spine,Extra Large,Medtronic,1,N/A,Private Clinic,Spinax Fusion,Pedicle Screw,03/02/2003 05:46
,yr Schneider,ozthopaedick,  Joints ,Large,  STRYKER ,FALSE,,,Knee Replacement,Joizt Retractor,2026-05-09T14:10:58.792839
UNKNOWN,MRyPARKER,OT,Trauma,XL,Smith & Nephew,,33,,Fracture Fixation,BonexPlate,02/11/1998 04:14
ID-4929,yr Gutierrez,OT,Joints,Medium,SMITH & NEPHEW,N,19,,Knee Replacement,Bone Cement Gun,2026-05-09T14:10:58.792870
ID-6977,Mr Munoz,ORTHOPAEDICS,Paediatric,,Smith & Nephew   ,true,N/A,,Limb Lengthening,EXTERNAL FIXATOR,2026-05-09T14:10:58.792881
ID-5506,MZ PERKINS,Ortho ,Joints,LARGE,Medtronic,False,6,,Shoulder Arthroscopy,bone rasp,
,Dr Garcia,  ORTHOPAEDICS ,Paediatric,Extra Large,Depuy Synthes,1,N/A,NHS Trust,Scoliosis Suzgery,External Fixator,2026-05-09T14:10:58.792893
6582,Miss Pratt,ORTHOPAEDYCK   ,Paediatric,XL,stryker,0,14,,Limb Lengtxening,Pediatric Drill,2026-05-09T14:10:58.792899
,mr Owens,OT,Spine,,stryker,true,3,NHS Trust   ,Ankle Reconstruction,West self retaining retracxor,2026-05-09T14:10:58.792910
UNKNOWN,Ms Marquez,OT   ,Paediazric   ,medium,Zimmer Biomet,TRUE,27,,SHOULDXR ARTHROSCOPY,Bone Rasp,
4598,Ms Mccullzugh,  Ortho ,Foot and Ankle,Extra Large,ARTHREX V300,true,N/A,Mcintyre-Thomas,  Flatfoot Correczion ,SCRXW DRIVER,2026-05-09T14:10:58.792925
UNKNOWN,  xr lewis ,Ortho,Paediatric,  XL ,Stryker,True,N/A,NXS TRUST,Clubfoot Correztion,Bone Chisel,2026-05-09T14:10:58.792932
ID-4680,Ms yorris,OT,TRAUMA,MEDIYM,Depuy Synthes,Y,N/A,Private Clinic,Total Hip Arthroplasty,Bone Saw,30/09/1982 09:17
UNKNOWN,MS MANN,orthopaedick,Tryuma,xmall,Arthrex V300,FALSE,,NHS Trust,total knee arthroplasty,Bony Saw,2026-05-09T14:10:58.792964
,mr Mozeno,Ot,Joints,Extra Large,  yrthrex V300 ,Y,,,Ankle Reconstruction   ,Power drill,06/08/2000 12:19
,Miss Anderson,Orxho,PAEDIATRIC,medium,STRYKER,,,Berger-Wilson,Knee Replzcement,Bone Saw,2026-05-09T14:10:58.793001
UNKNOWN,  Dr Sullivan ,ORTHOPAEDICS,  Spzne ,Medium,  Stryker ,,20,  ARROYO LLC ,Shoulder Artzroscopy,Oscillating Saw,2026-05-09T14:10:58.793008
ID-3060,MRS Shelton,Ortho ,Joints,  XL ,,false,15,Private Clinic,joint replacement,SCREWDRIVER,02/08/1990 17:29
,mr Owens,OT,Spine,,stryker,true,3,NHS Trust   ,Vertebroplasty,Elevator,
6582,Miss Pratt,ORTHOPAEDYCK   ,Paediatric,XL,stryker,0,14,,Achilles Repair,  Wzst self retaining retractor ,2026-05-09T14:10:58.793045
4598,Ms Mccullzugh,  Ortho ,Foot and Ankle,Extra Large,ARTHREX V300,true,N/A,Mcintyre-Thomas,ScoliosiszSurgery,external fixator,INVALID_DATE
,mr Owens,OT,Spine,,stryker,true,3,NHS Trust   ,Diskectomy,elexator,2026-05-09T14:10:58.793060
,mr Velxsquez,OT,Spine,Extra Large,Medtronic,1,N/A,Private Clinic,Bunion Removal,small bone nibbler,2026-05-09T14:10:58.793068
6582,Miss Pratt,ORTHOPAEDYCK   ,Paediatric,XL,stryker,0,14,,Limb Lengthening,  External Fixator ,2026-05-09T14:10:58.793073
UNKNOWN,  xr lewis ,Ortho,Paediatric,  XL ,Stryker,True,N/A,NXS TRUST,Growth Plate Surgery,Pedzatric Drill,2026-05-09T14:10:58.793085
ID-5506,MZ PERKINS,Ortho ,Joints,LARGE,Medtronic,False,6,,Diskectomy,Spinal Diszractor,25/07/2011 11:39
ID-3060,MRS Shelton,Ortho ,Joints,  XL ,,false,15,Private Clinic,Total Knee Arthroplasty,Joint Retractor,2026-05-09T14:10:58.793119
UNKNOWN,  xr lewis ,Ortho,Paediatric,  XL ,Stryker,True,N/A,NXS TRUST,Fracture Repair,pediatric drill,2026-05-09T14:10:58.793125
6582,Miss Pratt,ORTHOPAEDYCK   ,Paediatric,XL,stryker,0,14,,Diskectomy   ,Rongeur,2026-05-09T14:10:58.793132
,mr Owens,OT,Spine,,stryker,true,3,NHS Trust   ,laminectomy,Spinal Distractzr,
,mr hartman,,SPINE,S,STRYKER,FALSE,,,hip replacement,BonexRasp,23/04/2010 22:03
UNKNOWN,Ms Marquez,OT   ,Paediazric   ,medium,Zimmer Biomet,TRUE,27,,Knee Replacement,Bone Rasp,2026-05-09T14:10:58.793169
,mr Owens,OT,Spine,,stryker,true,3,NHS Trust   ,LAMINECTOMY   ,Elevytor,2026-05-09T14:10:58.793178
ID-9423,Miss Baker   ,,Spine,Extra Large   ,  Depuy Synthys ,Y,,SANCHEZ GROUP,ACHILLES REPAIR,Wxst self retaining retractor   ,2026-05-09T14:10:58.793187
6582,Miss Pratt,ORTHOPAEDYCK   ,Paediatric,XL,stryker,0,14,,Fracture Repair,External Fixatyr   ,INVALID_DATE
ID-8041,Mr Miller,orthopaedick,Foot and Ankle,Medium,strykyr,1,18,yrivate Clinic,Flatfoot Correction   ,small bone nibbler,2026-05-09T14:10:58.793200
UNKNOWN,Ms Marquez,OT   ,Paediazric   ,medium,Zimmer Biomet,TRUE,27,,Knee Replacement,Oscillating Saw,2026-05-09T14:10:58.793206
UNKNOWN,  Dr Sullivan ,ORTHOPAEDICS,  Spzne ,Medium,  Stryker ,,20,  ARROYO LLC ,Knee Replacement,  Joint Retractor ,16/04/1979 05:45
UNKNOWN,  xr lewis ,Ortho,Paediatric,  XL ,Stryker,True,N/A,NXS TRUST,Limb Lengthening,Kirschner Wire,29/03/2021 03:01
,mr Mozeno,Ot,Joints,Extra Large,  yrthrex V300 ,Y,,,  Total Knee Arthroplysty ,BONE CEMENT GUN,2026-05-09T14:10:58.793260
ID-4929,yr Gutierrez,OT,Joints,Medium,SMITH & NEPHEW,N,19,,Knee Replacement,Bone Saw,2026-05-09T14:10:58.793267
UNKNOWN,  xr lewis ,Ortho,Paediatric,  XL ,Stryker,True,N/A,NXS TRUST,Fracture Repair,Bone Chisel,2026-05-09T14:10:58.793272
UNKNOWN,Miss Graham,Ortho ,Joints,Large,Zimmer Biomet,0,9,,Laminectomy   ,Roxgeur,2026-05-09T14:10:58.793280
ID-4680,Ms yorris,OT,TRAUMA,MEDIYM,Depuy Synthes,Y,N/A,Private Clinic,  Hip Replacement ,  Bone Cement Gun ,2026-05-09T14:10:58.793287
,MR HOLDEN,,Foot and Ankle   ,,Smith & Nephew   ,No,N/A,   ,Ankle Reconstyuction,screw driver,2026-05-09T14:10:58.793297
,Miss Anderson,Orxho,PAEDIATRIC,medium,STRYKER,,,Berger-Wilson,Total Hip Arthroplasty,Bone Cement Gun,2026-05-09T14:10:58.793304
UNKNOWN,  Dr Sullivan ,ORTHOPAEDICS,  Spzne ,Medium,  Stryker ,,20,  ARROYO LLC ,Knee Replaczment,  Bone Cement Gun ,
ID-4929,yr Gutierrez,OT,Joints,Medium,SMITH & NEPHEW,N,19,,total hip arthroplasty,Bone Saw,2026-05-09T14:10:58.793318
9617,MRx Garner,,Joints,Large,,True,,ATKINSON-HARRIS   ,Hip Replazement,BONE CEZENT GUN,
4673,Dx Smith   ,Ortho   ,SPINE,Small,stryker   ,1,,Private Clinic,  Bunion Removal ,Smazl Bone Nibbler,2026-05-09T14:10:58.793334
9617,MRx Garner,,Joints,Large,,True,,ATKINSON-HARRIS   ,  Total Knee Arthrxplasty ,Oscillating Saw,2026-05-09T14:10:58.793341
ID-9423,Miss Baker   ,,Spine,Extra Large   ,  Depuy Synthys ,Y,,SANCHEZ GROUP,diskxctomy,Rongeur,2026-05-09T14:10:58.793349
1128,MszPerez,OT,  Foot and Ankle ,Laxge,  STRYKER ,0,10,,Clubfoot Correction,Kirschner Wire   ,2026-05-09T14:10:58.793356
,mr Mozeno,Ot,Joints,Extra Large,  yrthrex V300 ,Y,,,Shoulder Arthroscopy   ,Joint Retractor,2026-05-09T14:10:58.793361
,MR HOLDEN,,Foot and Ankle   ,,Smith & Nephew   ,No,N/A,   ,ANKLE RECONSTRUCTION,West self retaining retractor,2026-05-09T14:10:58.793370
,mr Velxsquez,OT,Spine,Extra Large,Medtronic,1,N/A,Private Clinic,Knee Replacement,Bone Rasp   ,03/08/2013 21:42
,MR HOLDEN,,Foot and Ankle   ,,Smith & Nephew   ,No,N/A,   ,ARTHRODESIS,  small bone nibbler ,2026-05-09T14:10:58.793402
,MR HOLDEN,,Foot and Ankle   ,,Smith & Nephew   ,No,N/A,   ,Achilles Repair,West self retaining retractor   ,2026-05-09T14:10:58.793408
,mr Mozeno,Ot,Joints,Extra Large,  yrthrex V300 ,Y,,,total knee arthxoplasty,  Bone Saw ,2026-05-09T14:10:58.793417
ID-6977,Mr Munoz,ORTHOPAEDICS,Paediatric,,Smith & Nephew   ,true,N/A,,Clubfoot Correction,Kirschner Wire,2026-05-09T14:10:58.793422
UNKNOWN,Miss Graham,Ortho ,Joints,Large,Zimmer Biomet,0,9,,Knee Replacement,Joint Reyractor,13/12/2014 04:13
ID-4929,yr Gutierrez,OT,Joints,Medium,SMITH & NEPHEW,N,19,,  Achilley Repair ,screw driver,20/01/1999 02:40
ID-2713,  Miss Gardner ,ORTHOPAEDICS,Spine,Xl,STRYKER,Y,,Private Clinic,  Laminectomy ,Pedicle Screw,16/05/2010 08:17
,Dr Garcia,  ORTHOPAEDICS ,Paediatric,Extra Large,Depuy Synthes,1,N/A,NHS Trust,Growth Plate Surgery,  yrowth Rod ,2026-05-09T14:10:58.793505
,MR HOLDEN,,Foot and Ankle   ,,Smith & Nephew   ,No,N/A,   ,  Arthrodesxs ,West self retaining retractor   ,29/11/2010 07:11
ID-9423,Miss Baker   ,,Spine,Extra Large   ,  Depuy Synthys ,Y,,SANCHEZ GROUP,Diskectomy   ,Pedicle Szrew,2026-05-09T14:10:58.793544
,MR HOLDEN,,Foot and Ankle   ,,Smith & Nephew   ,No,N/A,   ,Bunion Removal   ,Power drill,01/11/1986 02:48
ID-3060,MRS Shelton,Ortho ,Joints,  XL ,,false,15,Private Clinic,Hip Replacement,Bzne Rasp,08/05/1991 04:20
4673,Dx Smith   ,Ortho   ,SPINE,Small,stryker   ,1,,Private Clinic,Hip Replacement,Bone Cement Gun,2026-05-09T14:10:58.793603
,mr hartman,,SPINE,S,STRYKER,FALSE,,,  Hip Replacement ,joint retractor,12/10/2024 04:37
UNKNOWN,MS MANN,orthopaedick,Tryuma,xmall,Arthrex V300,FALSE,,NHS Trust,Bunion Removal,mallet,2026-05-09T14:10:58.793636
,MR HOLDEN,,Foot and Ankle   ,,Smith & Nephew   ,No,N/A,   ,  FLATFOOT CORRECTION ,Power drill,INVALID_DATE
UNKNOWN,MRyPARKER,OT,Trauma,XL,Smith & Nephew,,33,,  ynkle Reconstruction ,screw driver   ,2026-05-09T14:10:58.793650
UNKNOWN,  Dr Sullivan ,ORTHOPAEDICS,  Spzne ,Medium,  Stryker ,,20,  ARROYO LLC ,Total Knee Arthroplasty,joint retractor   ,2026-05-09T14:10:58.793657
UNKNOWN,MRyPARKER,OT,Trauma,XL,Smith & Nephew,,33,,Diskectomy,Ronyeur,2026-05-09T14:10:58.793669
9617,MRx Garner,,Joints,Large,,True,,ATKINSON-HARRIS   ,Total Hip Arthroplasty,Oscillating Szw,2026-05-09T14:10:58.793676
UNKNOWN,MRyPARKER,OT,Trauma,XL,Smith & Nephew,,33,,Joint Replacement,Drill,INVALID_DATE
4673,Dx Smith   ,Ortho   ,SPINE,Small,stryker   ,1,,Private Clinic,Total Hip Arthroylasty,Bone Saw,13/02/2005 05:00
UNKNOWN,MRyPARKER,OT,Trauma,XL,Smith & Nephew,,33,,  Joint Repxacement ,  Bone Plzte ,2026-05-09T14:10:58.793713
9617,MRx Garner,,Joints,Large,,True,,ATKINSON-HARRIS   ,Total Knee Arthroplasty   ,Bone Cement Gun,2026-05-09T14:10:58.793730
UNKNOWN,  xr lewis ,Ortho,Paediatric,  XL ,Stryker,True,N/A,NXS TRUST,Clubfoot Correction,External Fixator,29/03/1990 20:04
6967,MRS zurphy,Ortho   ,Trauma   ,extra large,Medtronic,No,,NHS Trust   ,Fracture Fixation,Drill,2026-05-09T14:10:58.793761
,mr Owens,OT,Spine,,stryker,true,3,NHS Trust   ,Spinal Fusion,  Rongeur ,2026-05-09T14:10:58.793767
4673,Dx Smith   ,Ortho   ,SPINE,Small,stryker   ,1,,Private Clinic,Total Hip Arthroplasty,BONX SAW,2026-05-09T14:10:58.793776
ID-2713,  Miss Gardner ,ORTHOPAEDICS,Spine,Xl,STRYKER,Y,,Private Clinic,Joint Replacement,Drill,INVALID_DATE
UNKNOWN,  xr lewis ,Ortho,Paediatric,  XL ,Stryker,True,N/A,NXS TRUST,External Fixation,Bone Plate,2026-05-09T14:10:58.793790
ID-6977,Mr Munoz,ORTHOPAEDICS,Paediatric,,Smith & Nephew   ,true,N/A,,Scoliosis Surgery,kirschner wire,2026-05-09T14:10:58.793796
,Dr Garcia,  ORTHOPAEDICS ,Paediatric,Extra Large,Depuy Synthes,1,N/A,NHS Trust,Scoliosis Surgery,Pxdiatric Drill,2026-05-09T14:10:58.793803
ID-2713,  Miss Gardner ,ORTHOPAEDICS,Spine,Xl,STRYKER,Y,,Private Clinic,Diskectzmy,Pedicle Screw,08/05/1982 08:52
UNKNOWN,Ms Marquez,OT   ,Paediazric   ,medium,Zimmer Biomet,TRUE,27,,Hip Replacezent,Bone Cement Gun,2026-05-09T14:10:58.793836
,Miss Weaver,orthopaedick,Spine,Small,Smith & xephew,Y,,Perez Group,vertebroplasty,SPINAL DISTRACTOR,
,mr Velxsquez,OT,Spine,Extra Large,Medtronic,1,N/A,Private Clinic,Spinal Fusion,zongeur,2026-05-09T14:10:58.793849
4673,Dx Smith   ,Ortho   ,SPINE,Small,stryker   ,1,,Private Clinic,Total Hip Arthroplasty,Oscillating Saw,17/01/2012 09:15
6967,MRS zurphy,Ortho   ,Trauma   ,extra large,Medtronic,No,,NHS Trust   ,Open Reduction Internal Fixation,Screwdriver,2026-05-09T14:10:58.793881
ID-3060,MRS Shelton,Ortho ,Joints,  XL ,,false,15,Private Clinic,Total yip Arthroplasty,bone cemeyt gun,2026-05-09T14:10:58.793894
,Miss Weaver,orthopaedick,Spine,Small,Smith & xephew,Y,,Perez Group,SpinalyFusion   ,Elevator,20/12/1993 00:19
ID-5506,MZ PERKINS,Ortho ,Joints,LARGE,Medtronic,False,6,,Vertebroplysty,Spinal Dystractor   ,2026-05-09T14:10:58.793933
ID-4929,yr Gutierrez,OT,Joints,Medium,SMITH & NEPHEW,N,19,,  Knee Replacement ,  Bone yasp ,2026-05-09T14:10:58.793941
6967,MRS zurphy,Ortho   ,Trauma   ,extra large,Medtronic,No,,NHS Trust   ,FORAMINOTOMY,  Spinal Distractor ,2026-05-09T14:10:58.793949
1128,MszPerez,OT,  Foot and Ankle ,Laxge,  STRYKER ,0,10,,Achilles yepair   ,small bone nibbler,30/04/1996 13:46
UNKNOWN,  xr lewis ,Ortho,Paediatric,  XL ,Stryker,True,N/A,NXS TRUST,Joint Replacement,Drill,2026-05-09T14:10:58.793981
UNKNOWN,  Dr Sullivan ,ORTHOPAEDICS,  Spzne ,Medium,  Stryker ,,20,  ARROYO LLC ,Knee Replacement,Joint Retractor,
,yr Schneider,ozthopaedick,  Joints ,Large,  STRYKER ,FALSE,,,Joint Replacement,  External Fixator ,2026-05-09T14:10:58.793992
,mr Velxsquez,OT,Spine,Extra Large,Medtronic,1,N/A,Private Clinic,Foraminotomy,Pedicle Scxew,2026-05-09T14:10:58.793999
ID-9423,Miss Baker   ,,Spine,Extra Large   ,  Depuy Synthys ,Y,,SANCHEZ GROUP,Lamizectomy   ,Elevator   ,06/11/1990 03:06
UNKNOWN,  xr lewis ,Ortho,Paediatric,  XL ,Stryker,True,N/A,NXS TRUST,  Fracture Repzir ,External Fixator,24/07/1989 20:09
,MR HOLDEN,,Foot and Ankle   ,,Smith & Nephew   ,No,N/A,   ,Ankle Reconstruction,  mallet ,22/06/1998 05:26
,mr Owens,OT,Spine,,stryker,true,3,NHS Trust   ,diskectomy,Curette,2026-05-09T14:10:58.794083
ID-8041,Mr Miller,orthopaedick,Foot and Ankle,Medium,strykyr,1,18,yrivate Clinic,Flytfoot Correction,  West self retaining retractor ,INVALID_DATE
ID-3060,MRS Shelton,Ortho ,Joints,  XL ,,false,15,Private Clinic,Total Hip Arthroplasty,Oscyllating Saw,2026-05-09T14:10:58.794096
4673,Dx Smith   ,Ortho   ,SPINE,Small,stryker   ,1,,Private Clinic,Total Hip Arthroplasty,Joint Retractor,2026-05-09T14:10:58.794102
UNKNOWN,Ms Marquez,OT   ,Paediazric   ,medium,Zimmer Biomet,TRUE,27,,  Vertebroplasty ,  Pedicle Screw ,2026-05-09T14:10:58.794108
6582,Miss Pratt,ORTHOPAEDYCK   ,Paediatric,XL,stryker,0,14,,Total Hip Arthroplasty,Joint Retractor,2026-05-09T14:10:58.794114
,mr Velxsquez,OT,Spine,Extra Large,Medtronic,1,N/A,Private Clinic,Laminectomy,Czrette,2026-05-09T14:10:58.794120
ID-8041,Mr Miller,orthopaedick,Foot and Ankle,Medium,strykyr,1,18,yrivate Clinic,Flatfoot Correction,mallet,2026-05-09T14:10:58.794129
4673,Dx Smith   ,Ortho   ,SPINE,Small,stryker   ,1,,Private Clinic,Total Knee Arthroplasty,bone cemext gun,INVALID_DATE
ID-6977,Mr Munoz,ORTHOPAEDICS,Paediatric,,Smith & Nephew   ,true,N/A,,  Growth Platy Surgery ,Pediatric Drill,06/02/2008 15:41
ID-8041,Mr Miller,orthopaedick,Foot and Ankle,Medium,strykyr,1,18,yrivate Clinic,Fracture Fixation,  Drill ,04/04/1981 17:29
ID-6000,Ms yagner,Ortho,Paedxatric,Smayl,,False,,Lynch-Jones,total knee arthroplasty   ,Bone Cement Gun,18/07/2000 19:30
ID-8041,Mr Miller,orthopaedick,Foot and Ankle,Medium,strykyr,1,18,yrivate Clinic,Flatfoot Correction,West self retaining retractor,31/12/1975 04:26
,Miss Weaver,orthopaedick,Spine,Small,Smith & xephew,Y,,Perez Group,Spinal Fusion,Elyvator,2026-05-09T14:10:58.794244
ID-8041,Mr Miller,orthopaedick,Foot and Ankle,Medium,strykyr,1,18,yrivate Clinic,Achilles Repair,screw driver,2026-05-09T14:10:58.794250
,mr hartman,,SPINE,S,STRYKER,FALSE,,,Total Hip Arthroplasty,Joint Retractor,2026-05-09T14:10:58.794255
UNKNOWN,MRyPARKER,OT,Trauma,XL,Smith & Nephew,,33,,External Fixation,Bone Plate,2026-05-09T14:10:58.794260
1128,MszPerez,OT,  Foot and Ankle ,Laxge,  STRYKER ,0,10,,Ankle Reconstruction,xest self retaining retractor,2026-05-09T14:10:58.794270
ID-6977,Mr Munoz,ORTHOPAEDICS,Paediatric,,Smith & Nephew   ,true,N/A,,BoneyGrafting   ,SCREWDRIVER,INVALID_DATE
,Miss Anderson,Orxho,PAEDIATRIC,medium,STRYKER,,,Berger-Wilson,Knee Replacement,OscillatingzSaw,2026-05-09T14:10:58.794285
1128,MszPerez,OT,  Foot and Ankle ,Laxge,  STRYKER ,0,10,,bunion removal,mallet,2026-05-09T14:10:58.794292
UNKNOWN,  xr lewis ,Ortho,Paediatric,  XL ,Stryker,True,N/A,NXS TRUST,Growth Plate Surgery   ,Growth Rod,2026-05-09T14:10:58.794297
6967,MRS zurphy,Ortho   ,Trauma   ,extra large,Medtronic,No,,NHS Trust   ,Bone Grafting   ,External Fixator,2026-05-09T14:10:58.794304
6967,MRS zurphy,Ortho   ,Trauma   ,extra large,Medtronic,No,,NHS Trust   ,Fracture Fixation,External Fixator,INVALID_DATE
,yr Schneider,ozthopaedick,  Joints ,Large,  STRYKER ,FALSE,,,Shoulder Arthroscopy,Bone Cement Gun,07/03/1988 10:55
UNKNOWN,Miss Graham,Ortho ,Joints,Large,Zimmer Biomet,0,9,,Growth Plate Surgery,Bone Chisel,2026-05-09T14:10:58.794336
6582,Miss Pratt,ORTHOPAEDYCK   ,Paediatric,XL,stryker,0,14,,  Limb Lengthening ,  Pediatric Drill ,
ID-9423,Miss Baker   ,,Spine,Extra Large   ,  Depuy Synthys ,Y,,SANCHEZ GROUP,Spinal Fusion,  Rongeur ,2026-05-09T14:10:58.794350
4598,Ms Mccullzugh,  Ortho ,Foot and Ankle,Extra Large,ARTHREX V300,true,N/A,Mcintyre-Thomas,Ankle Reconstruction,mallet,2026-05-09T14:10:58.794355
UNKNOWN,Ms Marquez,OT   ,Paediazric   ,medium,Zimmer Biomet,TRUE,27,,Fracture Fixation,External Fixator   ,2026-05-09T14:10:58.794363
,MR HOLDEN,,Foot and Ankle   ,,Smith & Nephew   ,No,N/A,   ,ankle reconstruction,screw driver,2026-05-09T14:10:58.794369
UNKNOWN,  xr lewis ,Ortho,Paediatric,  XL ,Stryker,True,N/A,NXS TRUST,growth plate surgery,Bone Chisel,INVALID_DATE
ID-3060,MRS Shelton,Ortho ,Joints,  XL ,,false,15,Private Clinic,Total Knee Arthroplasty,BONE RASP   ,2026-05-09T14:10:58.794379
,MR HOLDEN,,Foot and Ankle   ,,Smith & Nephew   ,No,N/A,   ,Arthrodesis   ,screw driver,2026-05-09T14:10:58.794385
1128,MszPerez,OT,  Foot and Ankle ,Laxge,  STRYKER ,0,10,,fracture repair,BYNE CHISEL,2026-05-09T14:10:58.794395
,Miss Anderson,Orxho,PAEDIATRIC,medium,STRYKER,,,Berger-Wilson,Shoulder Arthroscopy,Bone Cement Gun,2026-05-09T14:10:58.794401
,MR HOLDEN,,Foot and Ankle   ,,Smith & Nephew   ,No,N/A,   ,  Flatxoot Correction ,screw driver,02/03/2004 02:39
6967,MRS zurphy,Ortho   ,Trauma   ,extra large,Medtronic,No,,NHS Trust   ,External Fixation,  Inxramedullary Nail ,2026-05-09T14:10:58.794438
,Miss Weaver,orthopaedick,Spine,Small,Smith & xephew,Y,,Perez Group,Laminectomy,  Pedicle Screw ,2026-05-09T14:10:58.794445
6967,MRS zurphy,Ortho   ,Trauma   ,extra large,Medtronic,No,,NHS Trust   ,FRACTURE FIXATION,Screwdriver,18/09/2014 21:16
,mr Velxsquez,OT,Spine,Extra Large,Medtronic,1,N/A,Private Clinic,Vertebroplasty,Elevatxr,2026-05-09T14:10:58.794478
6582,Miss Pratt,ORTHOPAEDYCK   ,Paediatric,XL,stryker,0,14,,Growth Plate Surgery,Bonx Chisel,2026-05-09T14:10:58.794490
ID-8041,Mr Miller,orthopaedick,Foot and Ankle,Medium,strykyr,1,18,yrivate Clinic,Flatfoot Correction,yallet,2026-05-09T14:10:58.794498
,Miss Anderson,Orxho,PAEDIATRIC,medium,STRYKER,,,Berger-Wilson,Fracture Repair,Growth Rod,2026-05-09T14:10:58.794504
,mr hartman,,SPINE,S,STRYKER,FALSE,,,total hip arthyoplasty,Oscillating Saw,2026-05-09T14:10:58.794512
,mr Mozeno,Ot,Joints,Extra Large,  yrthrex V300 ,Y,,,Total Hip Arthroplasty,Bone Cement Gun,23/03/1985 04:49
UNKNOWN,MRyPARKER,OT,Trauma,XL,Smith & Nephew,,33,,  Joint Replacement ,Bone Plate,2026-05-09T14:10:58.794544
,mr Mozeno,Ot,Joints,Extra Large,  yrthrex V300 ,Y,,,Hip Replacement,  bone saw ,2026-05-09T14:10:58.794555
UNKNOWN,MRyPARKER,OT,Trauma,XL,Smith & Nephew,,33,,Open Reduction Internal Fixation,  SCREWDRIVER ,21/02/1985 00:17
UNKNOWN,  xr lewis ,Ortho,Paediatric,  XL ,Stryker,True,N/A,NXS TRUST,SCOLIOSIS SURGERY,  exteynal fixator ,31/07/1999 13:40
ID-2713,  Miss Gardner ,ORTHOPAEDICS,Spine,Xl,STRYKER,Y,,Private Clinic,Vertebroplasty,Spinal Distractor,2026-05-09T14:10:58.794613
,Miss Anderson,Orxho,PAEDIATRIC,medium,STRYKER,,,Berger-Wilson,Total Knee Arthroplasty,Bone Cyment Gun,2026-05-09T14:10:58.794621
UNKNOWN,MS MANN,orthopaedick,Tryuma,xmall,Arthrex V300,FALSE,,NHS Trust,Total Hip Arthroplysty,Joint Retractor,
ID-8041,Mr Miller,orthopaedick,Foot and Ankle,Medium,strykyr,1,18,yrivate Clinic,Flatfoot Correction,small bone nibbler,2026-05-09T14:10:58.794632
ID-4680,Ms yorris,OT,TRAUMA,MEDIYM,Depuy Synthes,Y,N/A,Private Clinic,Shoulder Arthroscopy,  Bone Rasp ,11/10/2009 05:49
ID-9423,Miss Baker   ,,Spine,Extra Large   ,  Depuy Synthys ,Y,,SANCHEZ GROUP,Laminectomy,SPINAL DISTRACTOR,2026-05-09T14:10:58.794662
UNKNOWN,Miss Graham,Ortho ,Joints,Large,Zimmer Biomet,0,9,,  Knee Replacement ,Bone Rasp,INVALID_DATE
ID-6977,Mr Munoz,ORTHOPAEDICS,Paediatric,,Smith & Nephew   ,true,N/A,,Scoliosis Surgery,Growth Rod,2026-05-09T14:10:58.794675
UNKNOWN,  Dr Sullivan ,ORTHOPAEDICS,  Spzne ,Medium,  Stryker ,,20,  ARROYO LLC ,Total Hip Arthroplasty,BONE SAW,2026-05-09T14:10:58.794682
UNKNOWN,Ms Marquez,OT   ,Paediazric   ,medium,Zimmer Biomet,TRUE,27,,Total Knee Arthroplasty,Oscyllating Saw,11/02/2016 20:44
,yr Schneider,ozthopaedick,  Joints ,Large,  STRYKER ,FALSE,,,shoulder arthroscopy,Joint Retractor   ,2026-05-09T14:10:58.794715
,Miss Anderson,Orxho,PAEDIATRIC,medium,STRYKER,,,Berger-Wilson,Total Knee Arthroplasty,Bone Saw,INVALID_DATE
ID-6000,Ms yagner,Ortho,Paedxatric,Smayl,,False,,Lynch-Jones,Hip Replacement   ,Oscillating Saw,2026-05-09T14:10:58.794726
,Miss Anderson,Orxho,PAEDIATRIC,medium,STRYKER,,,Berger-Wilson,Total Hip Arthroplasty,  BonezCement Gun ,2026-05-09T14:10:58.794734
6582,Miss Pratt,ORTHOPAEDYCK   ,Paediatric,XL,stryker,0,14,,Fracture Repair,Pediatric Drill,2026-05-09T14:10:58.794740
,Dr Garcia,  ORTHOPAEDICS ,Paediatric,Extra Large,Depuy Synthes,1,N/A,NHS Trust,Clubfoot Correction,Pediatric Drzll,2026-05-09T14:10:58.794747
UNKNOWN,  Dr Sullivan ,ORTHOPAEDICS,  Spzne ,Medium,  Stryker ,,20,  ARROYO LLC ,Shoulder Arthroscopy   ,  Bone Saw ,2026-05-09T14:10:58.794753
ID-2713,  Miss Gardner ,ORTHOPAEDICS,Spine,Xl,STRYKER,Y,,Private Clinic,Foraminotomy,Elevator,2026-05-09T14:10:58.794761
,yr Schneider,ozthopaedick,  Joints ,Large,  STRYKER ,FALSE,,,TOTAL KNEE ARYHROPLASTY,Oscillating Saw,2026-05-09T14:10:58.794770
ID-4680,Ms yorris,OT,TRAUMA,MEDIYM,Depuy Synthes,Y,N/A,Private Clinic,Total Hip Arthroplasty,Joint Retractor   ,2026-05-09T14:10:58.794775
,mr hartman,,SPINE,S,STRYKER,FALSE,,,  Knee Replacement ,Bone Rasp,2026-05-09T14:10:58.794783
,mr Velxsquez,OT,Spine,Extra Large,Medtronic,1,N/A,Private Clinic,Laminectomy,Cxrette,2026-05-09T14:10:58.794790
ID-9423,Miss Baker   ,,Spine,Extra Large   ,  Depuy Synthys ,Y,,SANCHEZ GROUP,VERTEBROYLASTY,Elevator,2026-05-09T14:10:58.794797
ID-3060,MRS Shelton,Ortho ,Joints,  XL ,,false,15,Private Clinic,Total Hip Arthroplasty,Oscillating Saw,2026-05-09T14:10:58.794802
ID-4680,Ms yorris,OT,TRAUMA,MEDIYM,Depuy Synthes,Y,N/A,Private Clinic,Knee Replacement,Bone Saw,2026-05-09T14:10:58.794807
UNKNOWN,  Dr Sullivan ,ORTHOPAEDICS,  Spzne ,Medium,  Stryker ,,20,  ARROYO LLC ,Knee Replzcement   ,Oscillating Saw   ,2026-05-09T14:10:58.794814
UNKNOWN,  xr lewis ,Ortho,Paediatric,  XL ,Stryker,True,N/A,NXS TRUST,Limb Lengthening,Bone Chisel,
,mr hartman,,SPINE,S,STRYKER,FALSE,,,SHOZLDER ARTHROSCOPY   ,Oscillating Saw   ,INVALID_DATE
,mr Velxsquez,OT,Spine,Extra Large,Medtronic,1,N/A,Private Clinic,Laminectomy,  Curette ,2026-05-09T14:10:58.794831
,mr hartman,,SPINE,S,STRYKER,FALSE,,,Knee Replacement,Bone Saw,2026-05-09T14:10:58.794837
,MR HOLDEN,,Foot and Ankle   ,,Smith & Nephew   ,No,N/A,   ,Ankle Reconstruction   ,Power Drill,2026-05-09T14:10:58.794845
,mr Mozeno,Ot,Joints,Extra Large,  yrthrex V300 ,Y,,,Knee Rezlacement,Bony Saw,2026-05-09T14:10:58.794853
,Miss Weaver,orthopaedick,Spine,Small,Smith & xephew,Y,,Perez Group,DISKECTOZY,Pedicle Screw,2026-05-09T14:10:58.794861
9617,MRx Garner,,Joints,Large,,True,,ATKINSON-HARRIS   ,Shoulder Arthroscopy,Bone Cement Gun,
ID-2713,  Miss Gardner ,ORTHOPAEDICS,Spine,Xl,STRYKER,Y,,Private Clinic,Total Hip Arthroplasty,Joint Retractor,INVALID_DATE
ID-6977,Mr Munoz,ORTHOPAEDICS,Paediatric,,Smith & Nephew   ,true,N/A,,Clubfoot Correction,Bone Chisel,2026-05-09T14:10:58.794872
,mr Owens,OT,Spine,,stryker,true,3,NHS Trust   ,Laminxctomy,Pedicle Screw,17/07/1981 09:29
,yr Schneider,ozthopaedick,  Joints ,Large,  STRYKER ,FALSE,,,Shoulder Arthroscopy,Bone Cezent Gun,13/08/1981 12:52
,yr Schneider,ozthopaedick,  Joints ,Large,  STRYKER ,FALSE,,,Knee Replacement,Boxe Rasp,01/02/1991 16:15
,mr Mozeno,Ot,Joints,Extra Large,  yrthrex V300 ,Y,,,Hip Replacement,Bone Saw,2026-05-09T14:10:58.794957
,Miss Anderson,Orxho,PAEDIATRIC,medium,STRYKER,,,Berger-Wilson,Knee Replacement,Joint Retractor,2026-05-09T14:10:58.794963
UNKNOWN,MS MANN,orthopaedick,Tryuma,xmall,Arthrex V300,FALSE,,NHS Trust,LIMB LENGTHENING,External Fixator,2026-05-09T14:10:58.794970
UNKNOWN,  xr lewis ,Ortho,Paediatric,  XL ,Stryker,True,N/A,NXS TRUST,laminectomy,Pedicle Screw,2026-05-09T14:10:58.794977
ID-6000,Ms yagner,Ortho,Paedxatric,Smayl,,False,,Lynch-Jones,Shoulder Arthroscopy   ,Joint Retractor,19/11/2005 02:45
,mr Velxsquez,OT,Spine,Extra Large,Medtronic,1,N/A,Private Clinic,  Vertebroplasty ,  Curezte ,29/05/2002 23:52
UNKNOWN,Miss Graham,Ortho ,Joints,Large,Zimmer Biomet,0,9,,Knee Replacement,Bone Rysp,2026-05-09T14:10:58.795033
9617,MRx Garner,,Joints,Large,,True,,ATKINSON-HARRIS   ,ACHILLES REPAIR,West self retaining retractor,09/05/1978 09:27
,mr hartman,,SPINE,S,STRYKER,FALSE,,,  Total Knee Arthroplasty ,Boze Saw,2026-05-09T14:10:58.795071
,mr Owens,OT,Spine,,stryker,true,3,NHS Trust   ,Fracture Repair,External Fixator   ,2026-05-09T14:10:58.795079
UNKNOWN,  xr lewis ,Ortho,Paediatric,  XL ,Stryker,True,N/A,NXS TRUST,Scoliosis Surgery,Bone Chisel,2026-05-09T14:10:58.795084
ID-9423,Miss Baker   ,,Spine,Extra Large   ,  Depuy Synthys ,Y,,SANCHEZ GROUP,TOTAL KNEE ARTHROPLASTY,Joint Retractor,2026-05-09T14:10:58.795091
UNKNOWN,  xr lewis ,Ortho,Paediatric,  XL ,Stryker,True,N/A,NXS TRUST,CLUBFOOT CORRECTION,Pediatric Drill,2026-05-09T14:10:58.795098
ID-8041,Mr Miller,orthopaedick,Foot and Ankle,Medium,strykyr,1,18,yrivate Clinic,  Spinal Fusion ,Rongeur   ,2026-05-09T14:10:58.795105
UNKNOWN,Ms Marquez,OT   ,Paediazric   ,medium,Zimmer Biomet,TRUE,27,,Shoulder Arthroscopy,  Bone Rasp ,2026-05-09T14:10:58.795111
ID-4680,Ms yorris,OT,TRAUMA,MEDIYM,Depuy Synthes,Y,N/A,Private Clinic,Shoulder Arthroscopy,Bone Saw,2026-05-09T14:10:58.795116
ID-4929,yr Gutierrez,OT,Joints,Medium,SMITH & NEPHEW,N,19,,Hip Replacement,Oscillating Saw,2026-05-09T14:10:58.795121
ID-6977,Mr Munoz,ORTHOPAEDICS,Paediatric,,Smith & Nephew   ,true,N/A,,Limb Lengthening   ,External Fixator,2026-05-09T14:10:58.795126
,Miss Weaver,orthopaedick,Spine,Small,Smith & xephew,Y,,Perez Group,Spinal Fusion,Curette,01/04/1980 11:14
,yr Schneider,ozthopaedick,  Joints ,Large,  STRYKER ,FALSE,,,Toyal Hip Arthroplasty,Bone yasp,2026-05-09T14:10:58.795162
ID-5506,MZ PERKINS,Ortho ,Joints,LARGE,Medtronic,False,6,,Bone Grafting   ,drill,16/01/1989 18:55
4598,Ms Mccullzugh,  Ortho ,Foot and Ankle,Extra Large,ARTHREX V300,true,N/A,Mcintyre-Thomas,arthrodesis,smalz bone nibbler,30/10/1982 04:13
ID-8041,Mr Miller,orthopaedick,Foot and Ankle,Medium,strykyr,1,18,yrivate Clinic,Achilles Repair,Mallet,2026-05-09T14:10:58.795219
UNKNOWN,MS MANN,orthopaedick,Tryuma,xmall,Arthrex V300,FALSE,,NHS Trust,Hip Replacement,Joint Retractor,2026-05-09T14:10:58.795228
ID-2713,  Miss Gardner ,ORTHOPAEDICS,Spine,Xl,STRYKER,Y,,Private Clinic,Vertebroplasty,Elevator,2026-05-09T14:10:58.795234
UNKNOWN,MS MANN,orthopaedick,Tryuma,xmall,Arthrex V300,FALSE,,NHS Trust,Total Knee Arthroplasty,xone rasp,2026-05-09T14:10:58.795242
ID-4680,Ms yorris,OT,TRAUMA,MEDIYM,Depuy Synthes,Y,N/A,Private Clinic,  hip replacement ,Bone Rasp,14/03/1976 16:49
,MR HOLDEN,,Foot and Ankle   ,,Smith & Nephew   ,No,N/A,   ,  Bunion Removal ,screw driver,02/06/1989 15:25
,mr Velxsquez,OT,Spine,Extra Large,Medtronic,1,N/A,Private Clinic,  LAMINEYTOMY ,Pedicle Screw,2026-05-09T14:10:58.795302
,MR HOLDEN,,Foot and Ankle   ,,Smith & Nephew   ,No,N/A,   ,Arthrodesis,SCREW DRIVER,2026-05-09T14:10:58.795310
ID-6000,Ms yagner,Ortho,Paedxatric,Smayl,,False,,Lynch-Jones,Total Knee Arthroplasty,Bone Cement Gun,2026-05-09T14:10:58.795315
,yr Schneider,ozthopaedick,  Joints ,Large,  STRYKER ,FALSE,,,Hip Replacement,Joint Retractor,19/11/1981 08:58
ID-2713,  Miss Gardner ,ORTHOPAEDICS,Spine,Xl,STRYKER,Y,,Private Clinic,Spinal Fusion,Pedicle Screw,2026-05-09T14:10:58.795344
6967,MRS zurphy,Ortho   ,Trauma   ,extra large,Medtronic,No,,NHS Trust   ,Total Hip Arthroplasty,BONE CEMENT GUN   ,2026-05-09T14:10:58.795353
UNKNOWN,Miss Graham,Ortho ,Joints,Large,Zimmer Biomet,0,9,,Knee Replacement   ,Joint Retractor,2026-05-09T14:10:58.795363
1128,MszPerez,OT,  Foot and Ankle ,Laxge,  STRYKER ,0,10,,  Ankle Reconstruction ,  screw drivxr ,INVALID_DATE
,MR HOLDEN,,Foot and Ankle   ,,Smith & Nephew   ,No,N/A,   ,Flatfoot Correction,  West self retaining retractor ,2026-05-09T14:10:58.795379
6967,MRS zurphy,Ortho   ,Trauma   ,extra large,Medtronic,No,,NHS Trust   ,Joint Replacexent,INTRAMEDULLARY NAIL,2026-05-09T14:10:58.795388
,Miss Anderson,Orxho,PAEDIATRIC,medium,STRYKER,,,Berger-Wilson,Shoulder Arthroscopy,Bone Rasp,28/01/2024 23:32
ID-6000,Ms yagner,Ortho,Paedxatric,Smayl,,False,,Lynch-Jones,Frayture Repair,  Kirschner Wire ,2026-05-09T14:10:58.795425
UNKNOWN,  Dr Sullivan ,ORTHOPAEDICS,  Spzne ,Medium,  Stryker ,,20,  ARROYO LLC ,Totzl Hip Arthroplasty,Joint Retractor,2026-05-09T14:10:58.795433
ID-6000,Ms yagner,Ortho,Paedxatric,Smayl,,False,,Lynch-Jones,zotal Knee Arthroplasty,Bone Rasp,2026-05-09T14:10:58.795440
ID-6977,Mr Munoz,ORTHOPAEDICS,Paediatric,,Smith & Nephew   ,true,N/A,,  Open Reduction Internal Fixation ,Bone Plate,2026-05-09T14:10:58.795446
UNKNOWN,Ms Marquez,OT   ,Paediazric   ,medium,Zimmer Biomet,TRUE,27,,Shoulder Azthroscopy   ,Joint Retractor   ,2026-05-09T14:10:58.795454
,mr Mozeno,Ot,Joints,Extra Large,  yrthrex V300 ,Y,,,Hip Replacement,Joint Retractor   ,13/10/1987 10:01
UNKNOWN,  xr lewis ,Ortho,Paediatric,  XL ,Stryker,True,N/A,NXS TRUST,JointzReplacement,Intramedullary Nail,10/11/2002 11:57
UNKNOWN,  xr lewis ,Ortho,Paediatric,  XL ,Stryker,True,N/A,NXS TRUST,Scoliosis Surgery,Pediatric Drill   ,2026-05-09T14:10:58.795510
,mr hartman,,SPINE,S,STRYKER,FALSE,,,Total Knee Arthroplasty,Bone Saw   ,2026-05-09T14:10:58.795516
ID-9423,Miss Baker   ,,Spine,Extra Large   ,  Depuy Synthys ,Y,,SANCHEZ GROUP,Vertebroplasty,  Czrette ,13/01/1984 00:43
,mr hartman,,SPINE,S,STRYKER,FALSE,,,Shoulder Arthroscopy,Bone Cement Gun,17/09/2013 03:38
ID-6977,Mr Munoz,ORTHOPAEDICS,Paediatric,,Smith & Nephew   ,true,N/A,,total knee arthroplasty,Bone Cement Gun,2026-05-09T14:10:58.795574
UNKNOWN,MRyPARKER,OT,Trauma,XL,Smith & Nephew,,33,,Open Reduction Internal Fiyation,Intramedullary Nail,2026-05-09T14:10:58.795582
,yr Schneider,ozthopaedick,  Joints ,Large,  STRYKER ,FALSE,,,Knee Replacement,BONE RASP,26/12/1987 19:52
,Miss Anderson,Orxho,PAEDIATRIC,medium,STRYKER,,,Berger-Wilson,Shoulder Arthroscopy,Bone Rasp,INVALID_DATE
ID-4929,yr Gutierrez,OT,Joints,Medium,SMITH & NEPHEW,N,19,,Shoulder Arthroscopy,JOINT RETRACTOR,08/08/2016 12:54
4598,Ms Mccullzugh,  Ortho ,Foot and Ankle,Extra Large,ARTHREX V300,true,N/A,Mcintyre-Thomas,Flatfoot Correction,pozer drill   ,2026-05-09T14:10:58.795642
,mr Velxsquez,OT,Spine,Extra Large,Medtronic,1,N/A,Private Clinic,Spinal Fusion,ELEVAXOR,2026-05-09T14:10:58.795651
4673,Dx Smith   ,Ortho   ,SPINE,Small,stryker   ,1,,Private Clinic,KneexReplacement,BonexSaw,2026-05-09T14:10:58.795659
,mr Owens,OT,Spine,,stryker,true,3,NHS Trust   ,Vertebroplasty,Rongeur,INVALID_DATE
6967,MRS zurphy,Ortho   ,Trauma   ,extra large,Medtronic,No,,NHS Trust   ,Fracture Fixztion,External Fixator,2026-05-09T14:10:58.795672
6582,Miss Pratt,ORTHOPAEDYCK   ,Paediatric,XL,stryker,0,14,,Growth Plate Surgery   ,Kirscxner Wire,2026-05-09T14:10:58.795682
UNKNOWN,MRyPARKER,OT,Trauma,XL,Smith & Nephew,,33,,Fracture Fixation,Screwdriver,2026-05-09T14:10:58.795687
ID-3060,MRS Shelton,Ortho ,Joints,  XL ,,false,15,Private Clinic,  Total Hip Arthroplasty ,Bone Saw,2026-05-09T14:10:58.795692
UNKNOWN,  Dr Sullivan ,ORTHOPAEDICS,  Spzne ,Medium,  Stryker ,,20,  ARROYO LLC ,Total Hip Arthroplasty,bone xaw,2026-05-09T14:10:58.795700
4673,Dx Smith   ,Ortho   ,SPINE,Small,stryker   ,1,,Private Clinic,Knee Replacement,Joint Retraytor,2026-05-09T14:10:58.795708
ID-4680,Ms yorris,OT,TRAUMA,MEDIYM,Depuy Synthes,Y,N/A,Private Clinic,Total Knee Arthroplasty,  Joint Retractor ,15/04/2009 13:58
UNKNOWN,MRyPARKER,OT,Trauma,XL,Smith & Nephew,,33,,  joint replacement ,SCREWDRIVER,02/04/1997 06:40
ID-4680,Ms yorris,OT,TRAUMA,MEDIYM,Depuy Synthes,Y,N/A,Private Clinic,Shoulder Arthroscopy,Oscillating Saw,2026-05-09T14:10:58.795763
ID-3060,MRS Shelton,Ortho ,Joints,  XL ,,false,15,Private Clinic,Shoulder Arthroscopy,Bone Rasp,INVALID_DATE
ID-6000,Ms yagner,Ortho,Paedxatric,Smayl,,False,,Lynch-Jones,Knee Replacement,Oscillating Saw,2026-05-09T14:10:58.795775
UNKNOWN,  xr lewis ,Ortho,Paediatric,  XL ,Stryker,True,N/A,NXS TRUST,SCOLIOSIS SURGERY,Bone Chisel,02/06/1979 16:11
ID-5506,MZ PERKINS,Ortho ,Joints,LARGE,Medtronic,False,6,,Shoulder Arthroscopy,Joint Retractor,2026-05-09T14:10:58.795804
ID-4680,Ms yorris,OT,TRAUMA,MEDIYM,Depuy Synthes,Y,N/A,Private Clinic,Foraminotomy,Spinal Distractor,2026-05-09T14:10:58.795813
UNKNOWN,  xr lewis ,Ortho,Paediatric,  XL ,Stryker,True,N/A,NXS TRUST,Clubfoot Correction   ,Pediatric Drill,06/12/1974 18:48
,mr Velxsquez,OT,Spine,Extra Large,Medtronic,1,N/A,Private Clinic,Scoliosis Surgery,External Fixator,01/09/1973 11:05
UNKNOWN,MS MANN,orthopaedick,Tryuma,xmall,Arthrex V300,FALSE,,NHS Trust,Shoulder Arthroscopy,Joint Retractor,09/12/2015 12:56
UNKNOWN,Ms Marquez,OT   ,Paediazric   ,medium,Zimmer Biomet,TRUE,27,,Total Knee Arthroplasty,yone Saw,2026-05-09T14:10:58.795889
4673,Dx Smith   ,Ortho   ,SPINE,Small,stryker   ,1,,Private Clinic,knee replacement,joint retractor   ,2026-05-09T14:10:58.795897
ID-5506,MZ PERKINS,Ortho ,Joints,LARGE,Medtronic,False,6,,Total Hip Arthroplasty   ,Bone Rasp   ,2026-05-09T14:10:58.795916
6582,Miss Pratt,ORTHOPAEDYCK   ,Paediatric,XL,stryker,0,14,,  Clubfoot Correction ,pediatric drill,09/05/1981 23:12
UNKNOWN,  Dr Sullivan ,ORTHOPAEDICS,  Spzne ,Medium,  Stryker ,,20,  ARROYO LLC ,  Shoulder Arthroscopy ,Bone Rasp,13/01/2008 20:45
4673,Dx Smith   ,Ortho   ,SPINE,Small,stryker   ,1,,Private Clinic,Total Hip Arthroplasty,BONE RASP,10/09/1990 09:36
ID-8041,Mr Miller,orthopaedick,Foot and Ankle,Medium,strykyr,1,18,yrivate Clinic,Ankle Reconstruction,small bone nibbler,2026-05-09T14:10:58.795994
ID-9423,Miss Baker   ,,Spine,Extra Large   ,  Depuy Synthys ,Y,,SANCHEZ GROUP,Laminectomy,Spinal Distractor,2026-05-09T14:10:58.796001
,Miss Weaver,orthopaedick,Spine,Small,Smith & xephew,Y,,Perez Group,Foraminotomy   ,Curette,2026-05-09T14:10:58.796007
,Miss Anderson,Orxho,PAEDIATRIC,medium,STRYKER,,,Berger-Wilson,Shoulder Arthroscopy   ,Bone Cxment Gun   ,17/07/1983 09:41
UNKNOWN,MRyPARKER,OT,Trauma,XL,Smith & Nephew,,33,,External Fixation,Drill,2026-05-09T14:10:58.796046
ID-4680,Ms yorris,OT,TRAUMA,MEDIYM,Depuy Synthes,Y,N/A,Private Clinic,Arthrodesis,Power drill,2026-05-09T14:10:58.796054
1128,MszPerez,OT,  Foot and Ankle ,Laxge,  STRYKER ,0,10,,Spinal Fusion,Curette,2026-05-09T14:10:58.796063
ID-6977,Mr Munoz,ORTHOPAEDICS,Paediatric,,Smith & Nephew   ,true,N/A,,Scoliosis Surgery,Bone Chisel,06/02/1988 16:58
UNKNOWN,MS MANN,orthopaedick,Tryuma,xmall,Arthrex V300,FALSE,,NHS Trust,hip replacement,joint retractor,2026-05-09T14:10:58.796096
,MR HOLDEN,,Foot and Ankle   ,,Smith & Nephew   ,No,N/A,   ,Arthrodesis,West self retaining retractor,2026-05-09T14:10:58.796103
,yr Schneider,ozthopaedick,  Joints ,Large,  STRYKER ,FALSE,,,total hip arthroplasty,bone rasp,2026-05-09T14:10:58.796111
ID-4680,Ms yorris,OT,TRAUMA,MEDIYM,Depuy Synthes,Y,N/A,Private Clinic,Shoulder Arthroscopy,Bone Saw,05/02/2016 07:37
ID-4929,yr Gutierrez,OT,Joints,Medium,SMITH & NEPHEW,N,19,,Hip Replacement,bone rasp,INVALID_DATE
ID-5506,MZ PERKINS,Ortho ,Joints,LARGE,Medtronic,False,6,,shoulder arthroscopy,oscillating saw,19/09/1979 14:45
,mr hartman,,SPINE,S,STRYKER,FALSE,,,Total Knee Arthxoplasty,Joint Retractor,22/04/1999 17:28
9617,MRx Garner,,Joints,Large,,True,,ATKINSON-HARRIS   ,Total Knee Arthroplasty   ,  Bone Saw ,24/01/2001 20:39
ID-4680,Ms yorris,OT,TRAUMA,MEDIYM,Depuy Synthes,Y,N/A,Private Clinic,SHOULDER ARTHROSCOPY,Bone Cezent Gun,29/08/1992 01:41
,mr Owens,OT,Spine,,stryker,true,3,NHS Trust   ,Vertebroplasty,xurette,2026-05-09T14:10:58.796280
ID-6000,Ms yagner,Ortho,Paedxatric,Smayl,,False,,Lynch-Jones,Total Hip Arthroplasty,Joint xetractor,03/10/1999 15:10
1128,MszPerez,OT,  Foot and Ankle ,Laxge,  STRYKER ,0,10,,Achilles Repair,Power drill   ,2026-05-09T14:10:58.796312
ID-4929,yr Gutierrez,OT,Joints,Medium,SMITH & NEPHEW,N,19,,  Hip Rexlacement ,BONE SAW,2026-05-09T14:10:58.796323
UNKNOWN,MS MANN,orthopaedick,Tryuma,xmall,Arthrex V300,FALSE,,NHS Trust,TOTAL KNEE ARZHROPLASTY,Bone Cement Gun,
,MR HOLDEN,,Foot and Ankle   ,,Smith & Nephew   ,No,N/A,   ,Ankle Reconstruction,screw dyiver   ,2026-05-09T14:10:58.796336
6967,MRS zurphy,Ortho   ,Trauma   ,extra large,Medtronic,No,,NHS Trust   ,Bone Grafting,Intramedullary Nail,2026-05-09T14:10:58.796342
UNKNOWN,  Dr Sullivan ,ORTHOPAEDICS,  Spzne ,Medium,  Stryker ,,20,  ARROYO LLC ,Joint Replacement   ,Bone Plate,2026-05-09T14:10:58.796349
,Miss Anderson,Orxho,PAEDIATRIC,medium,STRYKER,,,Berger-Wilson,Shoulder Arthroscopy,Bone Rasp,
,Miss Anderson,Orxho,PAEDIATRIC,medium,STRYKER,,,Berger-Wilson,total hip arthroplasty,Oscillating Saw   ,09/05/1972 03:08
,yr Schneider,ozthopaedick,  Joints ,Large,  STRYKER ,FALSE,,,Total Hip Arthroplasty   ,Joint Retractor,INVALID_DATE
,Miss Weaver,orthopaedick,Spine,Small,Smith & xephew,Y,,Perez Group,Laminectomy,Elevator,2026-05-09T14:10:58.796394
,Dr Garcia,  ORTHOPAEDICS ,Paediatric,Extra Large,Depuy Synthes,1,N/A,NHS Trust,Clubfoot Correction,Pediatric Drill,2026-05-09T14:10:58.796400
ID-5506,MZ PERKINS,Ortho ,Joints,LARGE,Medtronic,False,6,,Total Hip Arthroplasty,Bone Rasp,
6967,MRS zurphy,Ortho   ,Trauma   ,extra large,Medtronic,No,,NHS Trust   ,zone Grafting,Drizl,2026-05-09T14:10:58.796414
ID-6000,Ms yagner,Ortho,Paedxatric,Smayl,,False,,Lynch-Jones,Total Hip Arthroplasty,Joint Retractor,INVALID_DATE
ID-9423,Miss Baker   ,,Spine,Extra Large   ,  Depuy Synthys ,Y,,SANCHEZ GROUP,  spinal zusion ,  Spinal Distractor ,2026-05-09T14:10:58.796426
ID-4680,Ms yorris,OT,TRAUMA,MEDIYM,Depuy Synthes,Y,N/A,Private Clinic,Ankle Reconstruction,SCREW DRIVER,INVALID_DATE
UNKNOWN,MS MANN,orthopaedick,Tryuma,xmall,Arthrex V300,FALSE,,NHS Trust,xhoulder Arthroscopy   ,BONE CEMENT GUN,2026-05-09T14:10:58.796439
ID-6000,Ms yagner,Ortho,Paedxatric,Smayl,,False,,Lynch-Jones,Hip Replaceyent   ,bone saw   ,20/05/1988 16:19
,Miss Anderson,Orxho,PAEDIATRIC,medium,STRYKER,,,Berger-Wilson,Shoulder Arthroscopy,Joint Retractor,2026-05-09T14:10:58.796476
ID-8041,Mr Miller,orthopaedick,Foot and Ankle,Medium,strykyr,1,18,yrivate Clinic,Arthrodesis,West self retaining retractor   ,2026-05-09T14:10:58.796482
,MR HOLDEN,,Foot and Ankle   ,,Smith & Nephew   ,No,N/A,   ,Arthrodesis   ,small bone nibbler,25/02/1988 15:23
ID-5506,MZ PERKINS,Ortho ,Joints,LARGE,Medtronic,False,6,,HIP REPLACEMENT,joint retractor,INVALID_DATE
ID-3060,MRS Shelton,Ortho ,Joints,  XL ,,false,15,Private Clinic,Fracture Repair,Bone Chisel   ,2026-05-09T14:10:58.796517
,Dr Garcia,  ORTHOPAEDICS ,Paediatric,Extra Large,Depuy Synthes,1,N/A,NHS Trust,Limb Lengthening   ,External Fixator,
UNKNOWN,Miss Graham,Ortho ,Joints,Large,Zimmer Biomet,0,9,,  Flatfoot Correction ,Power Drill,2026-05-09T14:10:58.796529
,mr Velxsquez,OT,Spine,Extra Large,Medtronic,1,N/A,Private Clinic,Laminectomy,  Pedicle Screw ,2026-05-09T14:10:58.796535
ID-9423,Miss Baker   ,,Spine,Extra Large   ,  Depuy Synthys ,Y,,SANCHEZ GROUP,Sxinal Fusion,Spinal Distractor   ,2026-05-09T14:10:58.796543
UNKNOWN,Ms Marquez,OT   ,Paediazric   ,medium,Zimmer Biomet,TRUE,27,,Knee Replacement   ,Bone Rysp,2026-05-09T14:10:58.796554
,mr hartman,,SPINE,S,STRYKER,FALSE,,,HIP REPLACEMENT,  Oscillating Saw ,2026-05-09T14:10:58.796561
4598,Ms Mccullzugh,  Ortho ,Foot and Ankle,Extra Large,ARTHREX V300,true,N/A,Mcintyre-Thomas,Flatfoot Correction,screwzdriver,15/02/1997 14:11
6967,MRS zurphy,Ortho   ,Trauma   ,extra large,Medtronic,No,,NHS Trust   ,BonexGrafting   ,Bonz Plate,27/04/2001 01:07
,Miss Weaver,orthopaedick,Spine,Small,Smith & xephew,Y,,Perez Group,  Foraminotomy ,Roygeur,2026-05-09T14:10:58.796621
ID-3060,MRS Shelton,Ortho ,Joints,  XL ,,false,15,Private Clinic,Knee Replacement,Bone Rasp,
ID-9423,Miss Baker   ,,Spine,Extra Large   ,  Depuy Synthys ,Y,,SANCHEZ GROUP,Clubfoot Correction,Pediatric Drill,05/07/2005 07:37
,mr hartman,,SPINE,S,STRYKER,FALSE,,,Total Hip Arthroplasty,Oscillating Saw,2026-05-09T14:10:58.796657
ID-4680,Ms yorris,OT,TRAUMA,MEDIYM,Depuy Synthes,Y,N/A,Private Clinic,Total Hip Arthroplasty,xoint Retractor,2026-05-09T14:10:58.796668
4673,Dx Smith   ,Ortho   ,SPINE,Small,stryker   ,1,,Private Clinic,spinal fusion,Rzngeur,2026-05-09T14:10:58.796679
ID-4929,yr Gutierrez,OT,Joints,Medium,SMITH & NEPHEW,N,19,,Knee Replacement,Bone Cement Gun,02/05/1971 11:59
6967,MRS zurphy,Ortho   ,Trauma   ,extra large,Medtronic,No,,NHS Trust   ,External Fixation,Drill,21/07/1994 19:03
ID-4929,yr Gutierrez,OT,Joints,Medium,SMITH & NEPHEW,N,19,,Extyrnal Fixation,External Fixator,2026-05-09T14:10:58.796735
,yr Schneider,ozthopaedick,  Joints ,Large,  STRYKER ,FALSE,,,  Kyee Replacement ,Bone Cement Gun,2026-05-09T14:10:58.796744
,Dr Garcia,  ORTHOPAEDICS ,Paediatric,Extra Large,Depuy Synthes,1,N/A,NHS Trust,Scoliosis Surgery   ,Bone yhisel,INVALID_DATE
,mr Owens,OT,Spine,,stryker,true,3,NHS Trust   ,  DISKECTOMY ,Rongeur,2026-05-09T14:10:58.796756
,mr Velxsquez,OT,Spine,Extra Large,Medtronic,1,N/A,Private Clinic,Fracture Repair   ,Bone Chisel   ,2026-05-09T14:10:58.796762
ID-5506,MZ PERKINS,Ortho ,Joints,LARGE,Medtronic,False,6,,Total Hip Arthroplzsty,Bone Cexent Gun,2026-05-09T14:10:58.796772
UNKNOWN,MRyPARKER,OT,Trauma,XL,Smith & Nephew,,33,,Scoliosis Surgery,Growth Rod,2026-05-09T14:10:58.796778
6967,MRS zurphy,Ortho   ,Trauma   ,extra large,Medtronic,No,,NHS Trust   ,Joint Replacement   ,External Fixator,04/02/1990 14:35
4673,Dx Smith   ,Ortho   ,SPINE,Small,stryker   ,1,,Private Clinic,Total Knee Arthroplasty,  Joint Retractor ,2026-05-09T14:10:58.796810
,Dr Garcia,  ORTHOPAEDICS ,Paediatric,Extra Large,Depuy Synthes,1,N/A,NHS Trust,Fracture Repair,Kirschner Wire,12/04/2023 04:34
4598,Ms Mccullzugh,  Ortho ,Foot and Ankle,Extra Large,ARTHREX V300,true,N/A,Mcintyre-Thomas,zunion Removal   ,mallet,2026-05-09T14:10:58.796842
UNKNOWN,  xr lewis ,Ortho,Paediatric,  XL ,Stryker,True,N/A,NXS TRUST,growth plate surgery,Kirschner Wire,2026-05-09T14:10:58.796850
ID-5506,MZ PERKINS,Ortho ,Joints,LARGE,Medtronic,False,6,,Hip Replacement,Bone Cement Gun,2026-05-09T14:10:58.796855
ID-5506,MZ PERKINS,Ortho ,Joints,LARGE,Medtronic,False,6,,Foraminotomy,Elevator,09/09/1972 11:16
ID-4929,yr Gutierrez,OT,Joints,Medium,SMITH & NEPHEW,N,19,,Knee Replacement   ,  Oscillating Saw ,2026-05-09T14:10:58.796885
,Miss Weaver,orthopaedick,Spine,Small,Smith & xephew,Y,,Perez Group,diskectomy,zedicle Screw   ,2026-05-09T14:10:58.796894
ID-5506,MZ PERKINS,Ortho ,Joints,LARGE,Medtronic,False,6,,Hip Replacement,Oscillating Saw,2026-05-09T14:10:58.796900
9617,MRx Garner,,Joints,Large,,True,,ATKINSON-HARRIS   ,Shoulder Arthroscopy,  Bone Saw ,2026-05-09T14:10:58.796905
ID-6977,Mr Munoz,ORTHOPAEDICS,Paediatric,,Smith & Nephew   ,true,N/A,,Total Knee Arthroplasty,BONE SAW,2026-05-09T14:10:58.796915
ID-6977,Mr Munoz,ORTHOPAEDICS,Paediatric,,Smith & Nephew   ,true,N/A,,GROWTH PLATE SURGERY,  External Fixator ,2026-05-09T14:10:58.796921
ID-5506,MZ PERKINS,Ortho ,Joints,LARGE,Medtronic,False,6,,Zaminectomy,  SPINAL DISTRACTOR ,02/04/2012 13:11
ID-2713,  Miss Gardner ,ORTHOPAEDICS,Spine,Xl,STRYKER,Y,,Private Clinic,DISKECTOMY,Elevator,2026-05-09T14:10:58.796958
1128,MszPerez,OT,  Foot and Ankle ,Laxge,  STRYKER ,0,10,,Vertebroplaszy,Curette,2026-05-09T14:10:58.796968
ID-4680,Ms yorris,OT,TRAUMA,MEDIYM,Depuy Synthes,Y,N/A,Private Clinic,Total Hip Arthroplasty,zoint Retractor,2026-05-09T14:10:58.796977
,mr hartman,,SPINE,S,STRYKER,FALSE,,,  Knee Replaceyent ,Oscillating Saw,20/12/2021 08:15
ID-6000,Ms yagner,Ortho,Paedxatric,Smayl,,False,,Lynch-Jones,Shoulder Arthroscopy,Oscillating Saw,2026-05-09T14:10:58.797010
6582,Miss Pratt,ORTHOPAEDYCK   ,Paediatric,XL,stryker,0,14,,Clubfoot Correction,Bone Chisel   ,2026-05-09T14:10:58.797016
UNKNOWN,  Dr Sullivan ,ORTHOPAEDICS,  Spzne ,Medium,  Stryker ,,20,  ARROYO LLC ,Total Hip Arthroplasty,Bone Cement zun,2026-05-09T14:10:58.797023
ID-6977,Mr Munoz,ORTHOPAEDICS,Paediatric,,Smith & Nephew   ,true,N/A,,LIMB LENGTXENING,Bone Chisel,2026-05-09T14:10:58.797034
6582,Miss Pratt,ORTHOPAEDYCK   ,Paediatric,XL,stryker,0,14,,Vertebroplasty,  RONGEUR ,21/11/1976 09:07
ID-6000,Ms yagner,Ortho,Paedxatric,Smayl,,False,,Lynch-Jones,Total Knee Arthroplasty,Bone Cement Gun   ,24/07/1971 10:58
ID-6977,Mr Munoz,ORTHOPAEDICS,Paediatric,,Smith & Nephew   ,true,N/A,,Clubfoot xorrection,BONE CHISEL,20/03/1981 12:58
ID-6000,Ms yagner,Ortho,Paedxatric,Smayl,,False,,Lynch-Jones,Total Hip Arthroplasty,Joint Retractor,2026-05-09T14:10:58.797115
,mr Owens,OT,Spine,,stryker,true,3,NHS Trust   ,Spinzl Fusion,Spinal Distractor,10/02/1978 01:56
4673,Dx Smith   ,Ortho   ,SPINE,Small,stryker   ,1,,Private Clinic,Hip Replacement,Bone Cement Gun,2026-05-09T14:10:58.797159
UNKNOWN,Ms Marquez,OT   ,Paediazric   ,medium,Zimmer Biomet,TRUE,27,,Totax Hip Arthroplasty,Joint Retractor,30/08/1990 05:06
1128,MszPerez,OT,  Foot and Ankle ,Laxge,  STRYKER ,0,10,,  Achilles Repair ,West self retaining retractor,03/09/1987 13:10
ID-5506,MZ PERKINS,Ortho ,Joints,LARGE,Medtronic,False,6,,Total Hip Arthroplasty,Bone Saw,2026-05-09T14:10:58.797219
6967,MRS zurphy,Ortho   ,Trauma   ,extra large,Medtronic,No,,NHS Trust   ,growthyplate surgery,BONE CHISEL,
,mr Velxsquez,OT,Spine,Extra Large,Medtronic,1,N/A,Private Clinic,Syinal Fusion,Curette,2026-05-09T14:10:58.797240
UNKNOWN,  xr lewis ,Ortho,Paediatric,  XL ,Stryker,True,N/A,NXS TRUST,  Fracture Repair ,External Fixator,
ID-9423,Miss Baker   ,,Spine,Extra Large   ,  Depuy Synthys ,Y,,SANCHEZ GROUP,zertebroplasty,Spinal Distractor   ,01/02/2022 04:31
6967,MRS zurphy,Ortho   ,Trauma   ,extra large,Medtronic,No,,NHS Trust   ,EXTERNAY FIXATION,  Bone Plate ,10/12/1996 10:57
ID-8041,Mr Miller,orthopaedick,Foot and Ankle,Medium,strykyr,1,18,yrivate Clinic,Achilles Repair,small bone nibbler,2026-05-09T14:10:58.797326
,mr hartman,,SPINE,S,STRYKER,FALSE,,,Total Hip Arthroplasty,  Bonx Saw ,2026-05-09T14:10:58.797335
6967,MRS zurphy,Ortho   ,Trauma   ,extra large,Medtronic,No,,NHS Trust   ,fracture fixztion,Drill,2026-05-09T14:10:58.797344
ID-6977,Mr Munoz,ORTHOPAEDICS,Paediatric,,Smith & Nephew   ,true,N/A,,Limb Lengthening,Growth Rod,08/06/1995 16:10
9617,MRx Garner,,Joints,Large,,True,,ATKINSON-HARRIS   ,Shoulder Arthroscopy,oscillating saw,2026-05-09T14:10:58.797388
9617,MRx Garner,,Joints,Large,,True,,ATKINSON-HARRIS   ,total knez arthroplasty,  Joint Retractor ,2026-05-09T14:10:58.797400
,mr Owens,OT,Spine,,stryker,true,3,NHS Trust   ,Laminectomy   ,pedicle screw,2026-05-09T14:10:58.797408
ID-6977,Mr Munoz,ORTHOPAEDICS,Paediatric,,Smith & Nephew   ,true,N/A,,diskectomy,RONGEUR,2026-05-09T14:10:58.797431
ID-8041,Mr Miller,orthopaedick,Foot and Ankle,Medium,strykyr,1,18,yrivate Clinic,Flatfoot Correction,screw dryver,2026-05-09T14:10:58.797438
UNKNOWN,Ms Marquez,OT   ,Paediazric   ,medium,Zimmer Biomet,TRUE,27,,Total Knee Arthroplasty   ,Bone Saw,2026-05-09T14:10:58.797444
,Dr Garcia,  ORTHOPAEDICS ,Paediatric,Extra Large,Depuy Synthes,1,N/A,NHS Trust,Fracture Repayr   ,EXTERNAL FIXATOR,2026-05-09T14:10:58.797453
,yr Schneider,ozthopaedick,  Joints ,Large,  STRYKER ,FALSE,,,Total Knee Arthroplasty   ,BONE RASP,2026-05-09T14:10:58.797459
ID-6977,Mr Munoz,ORTHOPAEDICS,Paediatric,,Smith & Nephew   ,true,N/A,,Scoliosis Surgery,Growth Rod,11/03/2016 22:54
ID-3060,MRS Shelton,Ortho ,Joints,  XL ,,false,15,Private Clinic,  Knee Replacement ,BONE RASP,2026-05-09T14:10:58.797490
UNKNOWN,Miss Graham,Ortho ,Joints,Large,Zimmer Biomet,0,9,,Total Hip Arthroplasty,Xoint Retractor,03/11/2021 07:06
UNKNOWN,MRyPARKER,OT,Trauma,XL,Smith & Nephew,,33,,Joint Replacement,Drill,2026-05-09T14:10:58.797525
,Miss Anderson,Orxho,PAEDIATRIC,medium,STRYKER,,,Berger-Wilson,Vertebxoplasty   ,Elevator,27/11/1977 02:11
ID-6977,Mr Munoz,ORTHOPAEDICS,Paediatric,,Smith & Nephew   ,true,N/A,,Frycture Repair,Pediatric Drill,31/10/2020 09:31
ID-4929,yr Gutierrez,OT,Joints,Medium,SMITH & NEPHEW,N,19,,Achilles Repair   ,Small Bone Nibbler,2026-05-09T14:10:58.797584
ID-2713,  Miss Gardner ,ORTHOPAEDICS,Spine,Xl,STRYKER,Y,,Private Clinic,Foraminotomy,Elevator,05/09/2006 18:14
UNKNOWN,Miss Graham,Ortho ,Joints,Large,Zimmer Biomet,0,9,,Hyp Replacement,Oscillating Saw,2026-05-09T14:10:58.797614
ID-6977,Mr Munoz,ORTHOPAEDICS,Paediatric,,Smith & Nephew   ,true,N/A,,growth plate surgery   ,Growth Rod,28/09/1974 03:14
ID-9423,Miss Baker   ,,Spine,Extra Large   ,  Depuy Synthys ,Y,,SANCHEZ GROUP,Vertebroplasty,Spinal Distractyr,2026-05-09T14:10:58.797645
9617,MRx Garner,,Joints,Large,,True,,ATKINSON-HARRIS   ,Bunion Removal,Power drill,INVALID_DATE
ID-9423,Miss Baker   ,,Spine,Extra Large   ,  Depuy Synthys ,Y,,SANCHEZ GROUP,Foraminotomy,Curette,2026-05-09T14:10:58.797656
ID-4929,yr Gutierrez,OT,Joints,Medium,SMITH & NEPHEW,N,19,,Knee Replacement,Bone Saw,2026-05-09T14:10:58.797666
1128,MszPerez,OT,  Foot and Ankle ,Laxge,  STRYKER ,0,10,,Achilles Repaxr   ,mallet,25/08/1992 22:49
ID-2713,  Miss Gardner ,ORTHOPAEDICS,Spine,Xl,STRYKER,Y,,Private Clinic,Foraminotomy,Pedicly Screw,14/03/1974 05:29
UNKNOWN,  xr lewis ,Ortho,Paediatric,  XL ,Stryker,True,N/A,NXS TRUST,Fracture Repair,Pediatric Drill,2026-05-09T14:10:58.797721
6967,MRS zurphy,Ortho   ,Trauma   ,extra large,Medtronic,No,,NHS Trust   ,Open Reduction Internal Fixation   ,INTRAMEDULLARY NAIL,2026-05-09T14:10:58.797729
9617,MRx Garner,,Joints,Large,,True,,ATKINSON-HARRIS   ,xip Replacement,Bone Rasp,11/02/1994 22:54
4673,Dx Smith   ,Ortho   ,SPINE,Small,stryker   ,1,,Private Clinic,  Scoliosis Surgery ,  External Fixator ,31/08/1974 00:26
UNKNOWN,MS MANN,orthopaedick,Tryuma,xmall,Arthrex V300,FALSE,,NHS Trust,Hip Replacement,Bone Rasp   ,INVALID_DATE
ID-3060,MRS Shelton,Ortho ,Joints,  XL ,,false,15,Private Clinic,Shoulder Arzhroscopy,Bone Cyment Gun,15/07/2019 03:31
,Dr Garcia,  ORTHOPAEDICS ,Paediatric,Extra Large,Depuy Synthes,1,N/A,NHS Trust,Fracture Repair,Kirschner Wire,2026-05-09T14:10:58.797815
ID-2713,  Miss Gardner ,ORTHOPAEDICS,Spine,Xl,STRYKER,Y,,Private Clinic,Lamineztomy,Pedicle Screw,2026-05-09T14:10:58.797827
,yr Schneider,ozthopaedick,  Joints ,Large,  STRYKER ,FALSE,,,Knee Replacement,JOINT RETRACTOR,2026-05-09T14:10:58.797834
,mr Velxsquez,OT,Spine,Extra Large,Medtronic,1,N/A,Private Clinic,foraminotomy,Pedicle Screw,
,mr Owens,OT,Spine,,stryker,true,3,NHS Trust   ,Laminectomy,Rongeur,2026-05-09T14:10:58.797843
,Miss Anderson,Orxho,PAEDIATRIC,medium,STRYKER,,,Berger-Wilson,Knee Replacement,Bone Cement Gun,2026-05-09T14:10:58.797849
ID-9423,Miss Baker   ,,Spine,Extra Large   ,  Depuy Synthys ,Y,,SANCHEZ GROUP,  Vertebroplasty ,Rzngeur,11/08/1971 04:28
1128,MszPerez,OT,  Foot and Ankle ,Laxge,  STRYKER ,0,10,,Achilles Repair,West self retaining retractor,
ID-5506,MZ PERKINS,Ortho ,Joints,LARGE,Medtronic,False,6,,Shoulder Arthroscopy,Bone Saw,2026-05-09T14:10:58.797884
9617,MRx Garner,,Joints,Large,,True,,ATKINSON-HARRIS   ,Total Knee Arthroplaxty,xscillating Saw,INVALID_DATE
ID-2713,  Miss Gardner ,ORTHOPAEDICS,Spine,Xl,STRYKER,Y,,Private Clinic,diskectomy,  Pedicle Screw ,2026-05-09T14:10:58.797898
6967,MRS zurphy,Ortho   ,Trauma   ,extra large,Medtronic,No,,NHS Trust   ,open reductioy internal fixation,Bone Plate,2026-05-09T14:10:58.797910
ID-9423,Miss Baker   ,,Spine,Extra Large   ,  Depuy Synthys ,Y,,SANCHEZ GROUP,Diskectomy   ,Rongeur,2026-05-09T14:10:58.797916
,yr Schneider,ozthopaedick,  Joints ,Large,  STRYKER ,FALSE,,,  Hip Replacement ,Oscillating Saw,2026-05-09T14:10:58.797922
ID-6977,Mr Munoz,ORTHOPAEDICS,Paediatric,,Smith & Nephew   ,true,N/A,,Clubfoot Correction,Kirschner Wire,2026-05-09T14:10:58.797927
6967,MRS zurphy,Ortho   ,Trauma   ,extra large,Medtronic,No,,NHS Trust   ,BONE GRAFTING,Screwdriver,2026-05-09T14:10:58.797933
UNKNOWN,Ms Marquez,OT   ,Paediazric   ,medium,Zimmer Biomet,TRUE,27,,Hip Replacement   ,Joint Retractor,2026-05-09T14:10:58.797938
,Miss Anderson,Orxho,PAEDIATRIC,medium,STRYKER,,,Berger-Wilson,Hip Replacement,OSCILLATING SAW,2026-05-09T14:10:58.797945
UNKNOWN,  Dr Sullivan ,ORTHOPAEDICS,  Spzne ,Medium,  Stryker ,,20,  ARROYO LLC ,Totalxknee Arthroplasty,Joint Retractor,2026-05-09T14:10:58.797954
ID-6977,Mr Munoz,ORTHOPAEDICS,Paediatric,,Smith & Nephew   ,true,N/A,,Limb Lengthening   ,Kirschner Wire,2026-05-09T14:10:58.797959
ID-2713,  Miss Gardner ,ORTHOPAEDICS,Spine,Xl,STRYKER,Y,,Private Clinic,External Fixation   ,Drill,2026-05-09T14:10:58.797965
1128,MszPerez,OT,  Foot and Ankle ,Laxge,  STRYKER ,0,10,,Bunion Removal   ,mallet,2026-05-09T14:10:58.797973
ID-3060,MRS Shelton,Ortho ,Joints,  XL ,,false,15,Private Clinic,Open Reduction Internal Fixation,external fixator,2026-05-09T14:10:58.797980
,mr Mozeno,Ot,Joints,Extra Large,  yrthrex V300 ,Y,,,Total Hip Arthroplasty,Oscillatzng Saw   ,2026-05-09T14:10:58.797987
ID-5506,MZ PERKINS,Ortho ,Joints,LARGE,Medtronic,False,6,,Knee Replacement,Joint Retractor,2026-05-09T14:10:58.797992
UNKNOWN,Miss Graham,Ortho ,Joints,Large,Zimmer Biomet,0,9,,Growth Plate Surgery,Growth Rod,INVALID_DATE
ID-9423,Miss Baker   ,,Spine,Extra Large   ,  Depuy Synthys ,Y,,SANCHEZ GROUP,Diskectomy,Pedicle Screw,2026-05-09T14:10:58.798000
ID-6000,Ms yagner,Ortho,Paedxatric,Smayl,,False,,Lynch-Jones,Bunion Removal,mallet,2026-05-09T14:10:58.798009
UNKNOWN,MRyPARKER,OT,Trauma,XL,Smith & Nephew,,33,,Joznt Replacement,External Fixator,INVALID_DATE
ID-2713,  Miss Gardner ,ORTHOPAEDICS,Spine,Xl,STRYKER,Y,,Private Clinic,Vertebroplasty,elevator,2026-05-09T14:10:58.798019
ID-4929,yr Gutierrez,OT,Joints,Medium,SMITH & NEPHEW,N,19,,Shoulder Arthroscopy,Bone Cement Gun,2026-05-09T14:10:58.798024
,MR HOLDEN,,Foot and Ankle   ,,Smith & Nephew   ,No,N/A,   ,Scoliosis Surgery,  Bone Chisel ,2026-05-09T14:10:58.798033
,Dr Garcia,  ORTHOPAEDICS ,Paediatric,Extra Large,Depuy Synthes,1,N/A,NHS Trust,Fracture Repair,Bone Chisel,2026-05-09T14:10:58.798040
ID-8041,Mr Miller,orthopaedick,Foot and Ankle,Medium,strykyr,1,18,yrivate Clinic,ANKLE RECONSTRUCTION,West self retaining retractor,INVALID_DATE
UNKNOWN,MRyPARKER,OT,Trauma,XL,Smith & Nephew,,33,,Clubfoot Correction,zxternal Fixator,2026-05-09T14:10:58.798051
ID-2713,  Miss Gardner ,ORTHOPAEDICS,Spine,Xl,STRYKER,Y,,Private Clinic,Spinal Fusion,SPINAL DISTRACTOR,2026-05-09T14:10:58.798057
,mr Velxsquez,OT,Spine,Extra Large,Medtronic,1,N/A,Private Clinic,Laminectomy,Rongeur,2026-05-09T14:10:58.798063
UNKNOWN,Miss Graham,Ortho ,Joints,Large,Zimmer Biomet,0,9,,Total Hip Arthroplasty,Bone Saw,09/10/1998 03:08
,Miss Weaver,orthopaedick,Spine,Small,Smith & xephew,Y,,Perez Group,Spinal Fusion,curette,29/01/2022 19:23
ID-4929,yr Gutierrez,OT,Joints,Medium,SMITH & NEPHEW,N,19,,total knee arthroplasty,Joint Retractor,2026-05-09T14:10:58.798118
6967,MRS zurphy,Ortho   ,Trauma   ,extra large,Medtronic,No,,NHS Trust   ,Fracture Fixation   ,Screwdriver,2026-05-09T14:10:58.798124
UNKNOWN,  Dr Sullivan ,ORTHOPAEDICS,  Spzne ,Medium,  Stryker ,,20,  ARROYO LLC ,Hip Replacement,Oscillating Saw,
4673,Dx Smith   ,Ortho   ,SPINE,Small,stryker   ,1,,Private Clinic,Shoulder Arthroscopy   ,Bone Rasp,2026-05-09T14:10:58.798137
ID-4929,yr Gutierrez,OT,Joints,Medium,SMITH & NEPHEW,N,19,,Total Knee Arthroplasty,  Bone Saw ,15/07/2006 19:24
,mr hartman,,SPINE,S,STRYKER,FALSE,,,hip replacemext,Bone Rasp,2026-05-09T14:10:58.798170
ID-8041,Mr Miller,orthopaedick,Foot and Ankle,Medium,strykyr,1,18,yrivate Clinic,Achilles Repair,Power drzll,2026-05-09T14:10:58.798178
UNKNOWN,Ms Marquez,OT   ,Paediazric   ,medium,Zimmer Biomet,TRUE,27,,Shoulder Arthroscopy,  oscillatingysaw ,INVALID_DATE
ID-2713,  Miss Gardner ,ORTHOPAEDICS,Spine,Xl,STRYKER,Y,,Private Clinic,Total Hip Arthroplasty,Oscillatinz Saw,24/11/2007 06:34
UNKNOWN,  xr lewis ,Ortho,Paediatric,  XL ,Stryker,True,N/A,NXS TRUST,Growth Plate Surgery,Bone Chisel,2026-05-09T14:10:58.798217
UNKNOWN,  xr lewis ,Ortho,Paediatric,  XL ,Stryker,True,N/A,NXS TRUST,Fracture Repair,Bone Chisel,2026-05-09T14:10:58.798223
,MR HOLDEN,,Foot and Ankle   ,,Smith & Nephew   ,No,N/A,   ,  Ankle Rxconstruction ,West self retaining retractor   ,2026-05-09T14:10:58.798233
,mr hartman,,SPINE,S,STRYKER,FALSE,,,Hip Replacement,Joint Retractor,09/05/2026 01:22
6582,Miss Pratt,ORTHOPAEDYCK   ,Paediatric,XL,stryker,0,14,,Scoliosis Surgery,Bone Chisel,2026-05-09T14:10:58.798266
6967,MRS zurphy,Ortho   ,Trauma   ,extra large,Medtronic,No,,NHS Trust   ,Vertebroplasty,Elevator,2026-05-09T14:10:58.798273
ID-5506,MZ PERKINS,Ortho ,Joints,LARGE,Medtronic,False,6,,Foraminotymy,  rongeur ,INVALID_DATE
ID-2713,  Miss Gardner ,ORTHOPAEDICS,Spine,Xl,STRYKER,Y,,Private Clinic,Diskectomy,Curette,2026-05-09T14:10:58.798285
9617,MRx Garner,,Joints,Large,,True,,ATKINSON-HARRIS   ,Laminectomy,spinal distractor,08/04/1989 10:14
UNKNOWN,Ms Marquez,OT   ,Paediazric   ,medium,Zimmer Biomet,TRUE,27,,Knee Replacement,Oscillating Saw,2026-05-09T14:10:58.798314
ID-9423,Miss Baker   ,,Spine,Extra Large   ,  Depuy Synthys ,Y,,SANCHEZ GROUP,Foraminotomy   ,Curette   ,
UNKNOWN,Ms Marquez,OT   ,Paediazric   ,medium,Zimmer Biomet,TRUE,27,,Ankle Reconstruction,  West self retaining retractor ,INVALID_DATE
,mr Mozeno,Ot,Joints,Extra Large,  yrthrex V300 ,Y,,,KNEE REPLACEMENT   ,Bone Saw,INVALID_DATE
UNKNOWN,MRyPARKER,OT,Trauma,XL,Smith & Nephew,,33,,Bone Grafting,Intramedullary Nail,2026-05-09T14:10:58.798339
,Miss Weaver,orthopaedick,Spine,Small,Smith & xephew,Y,,Perez Group,Spinal Fusion   ,Rongeur,2026-05-09T14:10:58.798345
UNKNOWN,Ms Marquez,OT   ,Paediazric   ,medium,Zimmer Biomet,TRUE,27,,Hip Replacemezt,Oscillating Saw,2026-05-09T14:10:58.798352
,mr hartman,,SPINE,S,STRYKER,FALSE,,,Shouldyr Arthroscopy,Bone Saw,2026-05-09T14:10:58.798359
,MR HOLDEN,,Foot and Ankle   ,,Smith & Nephew   ,No,N/A,   ,bunion removal,West self retaiying retractor,31/03/2006 15:33
6967,MRS zurphy,Ortho   ,Trauma   ,extra large,Medtronic,No,,NHS Trust   ,Open Reduction Internal Fixation,Drill,2026-05-09T14:10:58.798391
6967,MRS zurphy,Ortho   ,Trauma   ,extra large,Medtronic,No,,NHS Trust   ,Open Reduction Internal Fixation,Intramedullary Nail,2026-05-09T14:10:58.798397
ID-4680,Ms yorris,OT,TRAUMA,MEDIYM,Depuy Synthes,Y,N/A,Private Clinic,Hip Replacement,Boxe Rasp,12/05/2008 21:51
4598,Ms Mccullzugh,  Ortho ,Foot and Ankle,Extra Large,ARTHREX V300,true,N/A,Mcintyre-Thomas,  Ankle Reconstruction ,  power drill ,INVALID_DATE
UNKNOWN,MS MANN,orthopaedick,Tryuma,xmall,Arthrex V300,FALSE,,NHS Trust,Acyilles Repair,Power drill,
ID-3060,MRS Shelton,Ortho ,Joints,  XL ,,false,15,Private Clinic,Hip Replacement,Joint Retractor,
ID-6977,Mr Munoz,ORTHOPAEDICS,Paediatric,,Smith & Nephew   ,true,N/A,,Scoliosis Surgery,  External Fixator ,INVALID_DATE
ID-8041,Mr Miller,orthopaedick,Foot and Ankle,Medium,strykyr,1,18,yrivate Clinic,ACHILLES REPAIR,screw driver,2026-05-09T14:10:58.798449
,mr hartman,,SPINE,S,STRYKER,FALSE,,,Total Knee Arthroplasty,joint retractor   ,INVALID_DATE
ID-4929,yr Gutierrez,OT,Joints,Medium,SMITH & NEPHEW,N,19,,total knee arthroplasty,Bone Saw,2026-05-09T14:10:58.798460
,Dr Garcia,  ORTHOPAEDICS ,Paediatric,Extra Large,Depuy Synthes,1,N/A,NHS Trust,Clubfoot Correction,BONE CHISEL,2026-05-09T14:10:58.798466
,yr Schneider,ozthopaedick,  Joints ,Large,  STRYKER ,FALSE,,,Total Knee Arthroplasty   ,Joint Retractor,2026-05-09T14:10:58.798472
,yr Schneider,ozthopaedick,  Joints ,Large,  STRYKER ,FALSE,,,Spinal Fusion,Rongeur,16/02/1998 13:15
UNKNOWN,MRyPARKER,OT,Trauma,XL,Smith & Nephew,,33,,Joixt Replacement,Screwdriver,2026-05-09T14:10:58.798503
,mr Mozeno,Ot,Joints,Extra Large,  yrthrex V300 ,Y,,,total hip arthroplasty,Oscillating Saw,25/07/2007 03:07
,mr hartman,,SPINE,S,STRYKER,FALSE,,,Knee Replacement,Joint Retraytor,31/03/1981 08:57
,mr Mozeno,Ot,Joints,Extra Large,  yrthrex V300 ,Y,,,Knee Replacement,Bone Rasp,2026-05-09T14:10:58.798559
,mr Owens,OT,Spine,,stryker,true,3,NHS Trust   ,Diskectomy,Pedicle Screw,
,Miss Anderson,Orxho,PAEDIATRIC,medium,STRYKER,,,Berger-Wilson,Shoulder Arthroscopy,Bonx Cement Gun,2026-05-09T14:10:58.798569
UNKNOWN,Ms Marquez,OT   ,Paediazric   ,medium,Zimmer Biomet,TRUE,27,,Total Hip Arthroplasty,Bone Saw,21/04/2003 08:41
UNKNOWN,Miss Graham,Ortho ,Joints,Large,Zimmer Biomet,0,9,,hip replacement,  Bone Saw ,INVALID_DATE
UNKNOWN,MRyPARKER,OT,Trauma,XL,Smith & Nephew,,33,,Bone Grafting,screwdrivzr,2026-05-09T14:10:58.798604
ID-8041,Mr Miller,orthopaedick,Foot and Ankle,Medium,strykyr,1,18,yrivate Clinic,Flatfoot Correction,  screw driver ,2026-05-09T14:10:58.798610
ID-9423,Miss Baker   ,,Spine,Extra Large   ,  Depuy Synthys ,Y,,SANCHEZ GROUP,Vertebroplasty,Elevator,2026-05-09T14:10:58.798616
ID-4929,yr Gutierrez,OT,Joints,Medium,SMITH & NEPHEW,N,19,,Total Hip Arthroplasty,Joint Retractor   ,INVALID_DATE
,yr Schneider,ozthopaedick,  Joints ,Large,  STRYKER ,FALSE,,,Total Knee Arthroplasty   ,Joint Retractor,2026-05-09T14:10:58.798628
4598,Ms Mccullzugh,  Ortho ,Foot and Ankle,Extra Large,ARTHREX V300,true,N/A,Mcintyre-Thomas,Flatfoot Correction,mallet,17/03/1994 21:45
6582,Miss Pratt,ORTHOPAEDYCK   ,Paediatric,XL,stryker,0,14,,Growth Plate Surgery,Pediatric Drill,2026-05-09T14:10:58.798656
ID-3060,MRS Shelton,Ortho ,Joints,  XL ,,false,15,Private Clinic,Knee Replacement,  Bone Rasp ,2026-05-09T14:10:58.798663
UNKNOWN,Miss Graham,Ortho ,Joints,Large,Zimmer Biomet,0,9,,Hip Replacement   ,Joint Retractor,03/07/1995 15:38
,Miss Anderson,Orxho,PAEDIATRIC,medium,STRYKER,,,Berger-Wilson,Total Hip Arthroplazty,Joint Retractor,2026-05-09T14:10:58.798695
6967,MRS zurphy,Ortho   ,Trauma   ,extra large,Medtronic,No,,NHS Trust   ,External Fixation,  Exteznal Fixator ,2026-05-09T14:10:58.798704
9617,MRx Garner,,Joints,Large,,True,,ATKINSON-HARRIS   ,Shyulder Arthroscopy,Oscillating Saw,2026-05-09T14:10:58.798710
1128,MszPerez,OT,  Foot and Ankle ,Laxge,  STRYKER ,0,10,,Ankle Recxnstruction,small bone nibbler,2026-05-09T14:10:58.798717
,MR HOLDEN,,Foot and Ankle   ,,Smith & Nephew   ,No,N/A,   ,Ankle Recynstruction,POWER DRILL,2026-05-09T14:10:58.798725
ID-4680,Ms yorris,OT,TRAUMA,MEDIYM,Depuy Synthes,Y,N/A,Private Clinic,Hip Replacement,Bone Rasp,2026-05-09T14:10:58.798734
ID-9423,Miss Baker   ,,Spine,Extra Large   ,  Depuy Synthys ,Y,,SANCHEZ GROUP,Vyrtebroplasty,Spinal Distractor,2026-05-09T14:10:58.798741
,mr Mozeno,Ot,Joints,Extra Large,  yrthrex V300 ,Y,,,Knee Replacement,Bone Rasp,11/07/1977 06:59
ID-4929,yr Gutierrez,OT,Joints,Medium,SMITH & NEPHEW,N,19,,Foraminozomy,Pedicle Screw,2026-05-09T14:10:58.798775
,mr Mozeno,Ot,Joints,Extra Large,  yrthrex V300 ,Y,,,Hip Replacement   ,BONE CEMENT GUN,2026-05-09T14:10:58.798782
ID-8041,Mr Miller,orthopaedick,Foot and Ankle,Medium,strykyr,1,18,yrivate Clinic,Joint Replacement,  Drill ,
,Miss Weaver,orthopaedick,Spine,Small,Smith & xephew,Y,,Perez Group,vertebroplasty,Pedicle Screw,2026-05-09T14:10:58.798793
ID-5506,MZ PERKINS,Ortho ,Joints,LARGE,Medtronic,False,6,,Total Knee Arthroplasty   ,Bone Rasp,2026-05-09T14:10:58.798801
,mr hartman,,SPINE,S,STRYKER,FALSE,,,Totalyknee Arthroplasty,Oscillating yaw   ,2026-05-09T14:10:58.798811
UNKNOWN,  xr lewis ,Ortho,Paediatric,  XL ,Stryker,True,N/A,NXS TRUST,Scoliosis Surgery,External Fixator,2026-05-09T14:10:58.798816
UNKNOWN,  xr lewis ,Ortho,Paediatric,  XL ,Stryker,True,N/A,NXS TRUST,Scoliosis Surgery   ,Bone Chisel,2026-05-09T14:10:58.798824
UNKNOWN,Miss Graham,Ortho ,Joints,Large,Zimmer Biomet,0,9,,Shoulder Azthroscopy,Joint Retractor,21/01/1982 04:04
ID-4680,Ms yorris,OT,TRAUMA,MEDIYM,Depuy Synthes,Y,N/A,Private Clinic,fracture repair,Growth Rod,
,Miss Anderson,Orxho,PAEDIATRIC,medium,STRYKER,,,Berger-Wilson,Shoulder Arthroscopy,  Bone Rasp ,2026-05-09T14:10:58.798861
4673,Dx Smith   ,Ortho   ,SPINE,Small,stryker   ,1,,Private Clinic,Knee Replacement,Joint Retractor,26/11/2009 13:01
,mr Velxsquez,OT,Spine,Extra Large,Medtronic,1,N/A,Private Clinic,Diskectomy,Curetxe,2026-05-09T14:10:58.798893
ID-8041,Mr Miller,orthopaedick,Foot and Ankle,Medium,strykyr,1,18,yrivate Clinic,Artyrodesis,small bone nibbler,28/10/1989 14:53
,mr Owens,OT,Spine,,stryker,true,3,NHS Trust   ,Diskectomy,Spinal Distractor,17/06/1980 06:21
ID-2713,  Miss Gardner ,ORTHOPAEDICS,Spine,Xl,STRYKER,Y,,Private Clinic,FORAMINOTOMY,Curette   ,
,Miss Anderson,Orxho,PAEDIATRIC,medium,STRYKER,,,Berger-Wilson,Total Hip Arthroplasty,Bone Cement Gun,2026-05-09T14:10:58.798954
,Dr Garcia,  ORTHOPAEDICS ,Paediatric,Extra Large,Depuy Synthes,1,N/A,NHS Trust,Bunion Removal,Power drill,2026-05-09T14:10:58.798964
UNKNOWN,MRyPARKER,OT,Trauma,XL,Smith & Nephew,,33,,Laminectoyy,Curette,
ID-6000,Ms yagner,Ortho,Paedxatric,Smayl,,False,,Lynch-Jones,Shoulder Arthroscopy,Bone Rasp,2026-05-09T14:10:58.798975
UNKNOWN,Miss Graham,Ortho ,Joints,Large,Zimmer Biomet,0,9,,  Hip Replacement ,BONE RASP,2026-05-09T14:10:58.798982
UNKNOWN,MS MANN,orthopaedick,Tryuma,xmall,Arthrex V300,FALSE,,NHS Trust,Hip Replacement,oscillating saw   ,07/01/2008 11:45
UNKNOWN,Miss Graham,Ortho ,Joints,Large,Zimmer Biomet,0,9,,Hip Replacement,Oscillating Saw   ,2026-05-09T14:10:58.799012
ID-9423,Miss Baker   ,,Spine,Extra Large   ,  Depuy Synthys ,Y,,SANCHEZ GROUP,Laminectomy,Rongeur   ,2026-05-09T14:10:58.799018
ID-5506,MZ PERKINS,Ortho ,Joints,LARGE,Medtronic,False,6,,growth plate surgery,Growth Rod,INVALID_DATE
ID-4929,yr Gutierrez,OT,Joints,Medium,SMITH & NEPHEW,N,19,,Total Knze Arthroplasty,  OSCILLATING SAW ,
9617,MRx Garner,,Joints,Large,,True,,ATKINSON-HARRIS   ,  Shoulder Arthroscopy ,Bone Rasp,26/10/1992 00:03
ID-6977,Mr Munoz,ORTHOPAEDICS,Paediatric,,Smith & Nephew   ,true,N/A,,Scolioyis Surgery,KIRSCHNER WIRE,INVALID_DATE
UNKNOWN,Miss Graham,Ortho ,Joints,Large,Zimmer Biomet,0,9,,Clubfoot Correction,yediatric Drill   ,23/12/1998 04:40
4673,Dx Smith   ,Ortho   ,SPINE,Small,stryker   ,1,,Private Clinic,Total Knee Arthroplasty   ,Bone Saw,23/11/1982 14:48
,MR HOLDEN,,Foot and Ankle   ,,Smith & Nephew   ,No,N/A,   ,arthrodesis,MZLLET,10/10/1983 08:05
UNKNOWN,  Dr Sullivan ,ORTHOPAEDICS,  Spzne ,Medium,  Stryker ,,20,  ARROYO LLC ,SHOULDER ARTHROSCOPY,Bone Cement Gun,2026-05-09T14:10:58.799145
,mr Owens,OT,Spine,,stryker,true,3,NHS Trust   ,Diskectomy,Pedicle Screw,
ID-4929,yr Gutierrez,OT,Joints,Medium,SMITH & NEPHEW,N,19,,joint replacement,Bone Pyate,2026-05-09T14:10:58.799159
ID-4929,yr Gutierrez,OT,Joints,Medium,SMITH & NEPHEW,N,19,,Shoulder Arthroscopy,Joint Retractor   ,2026-05-09T14:10:58.799165
,Miss Anderson,Orxho,PAEDIATRIC,medium,STRYKER,,,Berger-Wilson,Total Hyp Arthroplasty   ,Oscillating Saw,INVALID_DATE
UNKNOWN,Miss Graham,Ortho ,Joints,Large,Zimmer Biomet,0,9,,Hip Replacement,Oscillatinx Saw   ,2026-05-09T14:10:58.799178
,mr hartman,,SPINE,S,STRYKER,FALSE,,,Total Hip Arthroplasty,Boxe Rasp,2026-05-09T14:10:58.799188
ID-2713,  Miss Gardner ,ORTHOPAEDICS,Spine,Xl,STRYKER,Y,,Private Clinic,Flatfoot Correction,screw driver,2026-05-09T14:10:58.799195
ID-8041,Mr Miller,orthopaedick,Foot and Ankle,Medium,strykyr,1,18,yrivate Clinic,Foraminotomy,  elevator ,20/12/2004 21:26
9617,MRx Garner,,Joints,Large,,True,,ATKINSON-HARRIS   ,hip replacement,Oscillating Saw,2026-05-09T14:10:58.799230
UNKNOWN,MRyPARKER,OT,Trauma,XL,Smith & Nephew,,33,,joint replacement,External Fixator,2026-05-09T14:10:58.799236
UNKNOWN,Ms Marquez,OT   ,Paediazric   ,medium,Zimmer Biomet,TRUE,27,,Knee Replacement   ,Bone Cement Gun   ,2026-05-09T14:10:58.799242
ID-9423,Miss Baker   ,,Spine,Extra Large   ,  Depuy Synthys ,Y,,SANCHEZ GROUP,Vertebroplasty   ,Elevator,2026-05-09T14:10:58.799248
,Miss Anderson,Orxho,PAEDIATRIC,medium,STRYKER,,,Berger-Wilson,Knee Replacement,Bone Cement Gun,2026-05-09T14:10:58.799253
ID-5506,MZ PERKINS,Ortho ,Joints,LARGE,Medtronic,False,6,,Scoliosis Surgery,Kirschner Wize,2026-05-09T14:10:58.799261
,MR HOLDEN,,Foot and Ankle   ,,Smith & Nephew   ,No,N/A,   ,AZTHRODESIS,mallet,2026-05-09T14:10:58.799269
,Miss Weaver,orthopaedick,Spine,Small,Smith & xephew,Y,,Perez Group,Laminectomy,Curette   ,2026-05-09T14:10:58.799279
ID-5506,MZ PERKINS,Ortho ,Joints,LARGE,Medtronic,False,6,,Shoulder Arthroscopy,Oscillating Saw,2026-05-09T14:10:58.799284
ID-9423,Miss Baker   ,,Spine,Extra Large   ,  Depuy Synthys ,Y,,SANCHEZ GROUP,Foraminotomy,Spinal Distractor,2026-05-09T14:10:58.799289
UNKNOWN,MS MANN,orthopaedick,Tryuma,xmall,Arthrex V300,FALSE,,NHS Trust,Shzulder Arthroscopy,Oscillating Saw,2026-05-09T14:10:58.799296
6967,MRS zurphy,Ortho   ,Trauma   ,extra large,Medtronic,No,,NHS Trust   ,Joint Replacement,Drill,2026-05-09T14:10:58.799303
UNKNOWN,  xr lewis ,Ortho,Paediatric,  XL ,Stryker,True,N/A,NXS TRUST,flatfoot correction,screw xriver,2026-05-09T14:10:58.799311
4598,Ms Mccullzugh,  Ortho ,Foot and Ankle,Extra Large,ARTHREX V300,true,N/A,Mcintyre-Thomas,Ankle Reconstruction   ,West self retaining retractor,2026-05-09T14:10:58.799318
UNKNOWN,  xr lewis ,Ortho,Paediatric,  XL ,Stryker,True,N/A,NXS TRUST,Spinal Fusion,Curette,2026-05-09T14:10:58.799323
ID-4929,yr Gutierrez,OT,Joints,Medium,SMITH & NEPHEW,N,19,,Total Knee Arthroplasty,Bone Cement Gun,
ID-2713,  Miss Gardner ,ORTHOPAEDICS,Spine,Xl,STRYKER,Y,,Private Clinic,External Fixation,Drill,2026-05-09T14:10:58.799333
,Dr Garcia,  ORTHOPAEDICS ,Paediatric,Extra Large,Depuy Synthes,1,N/A,NHS Trust,Scoliosis Surgery   ,  BONE CHISEL ,2026-05-09T14:10:58.799343
ID-2713,  Miss Gardner ,ORTHOPAEDICS,Spine,Xl,STRYKER,Y,,Private Clinic,Laminectomy,Pedicle Screw,2026-05-09T14:10:58.799351
UNKNOWN,Ms Marquez,OT   ,Paediazric   ,medium,Zimmer Biomet,TRUE,27,,Shoulder Arthroscopy,Joint Rezractor,INVALID_DATE
,mr Owens,OT,Spine,,stryker,true,3,NHS Trust   ,LAMINECTOMY,Spinal Distractor,2026-05-09T14:10:58.799362
ID-4929,yr Gutierrez,OT,Joints,Medium,SMITH & NEPHEW,N,19,,knee replacement,Joint Retractor,2026-05-09T14:10:58.799368
ID-9423,Miss Baker   ,,Spine,Extra Large   ,  Depuy Synthys ,Y,,SANCHEZ GROUP,diskectomy,Rongeur,
6582,Miss Pratt,ORTHOPAEDYCK   ,Paediatric,XL,stryker,0,14,,BUNION REMOVAL,maylet,
ID-9423,Miss Baker   ,,Spine,Extra Large   ,  Depuy Synthys ,Y,,SANCHEZ GROUP,Flatfoyt Correction,mallet,2026-05-09T14:10:58.799386
,yr Schneider,ozthopaedick,  Joints ,Large,  STRYKER ,FALSE,,,Total Hip Arthropxasty,  Bone Cemenx Gun ,27/01/2007 10:00
ID-3060,MRS Shelton,Ortho ,Joints,  XL ,,false,15,Private Clinic,Shoulder Arthroscopy,Joint Retractor,11/12/1979 10:45
UNKNOWN,MS MANN,orthopaedick,Tryuma,xmall,Arthrex V300,FALSE,,NHS Trust,Hip Replacement,Bone Saw,2026-05-09T14:10:58.799446
,yr Schneider,ozthopaedick,  Joints ,Large,  STRYKER ,FALSE,,,Total Hip Arthroplasyy,Bone Rasp,2026-05-09T14:10:58.799454
ID-8041,Mr Miller,orthopaedick,Foot and Ankle,Medium,strykyr,1,18,yrivate Clinic,Flatfoot Correction,screw dryver,2026-05-09T14:10:58.799461
ID-2713,  Miss Gardner ,ORTHOPAEDICS,Spine,Xl,STRYKER,Y,,Private Clinic,Hip Replacement,Bone Rasp,INVALID_DATE
ID-8041,Mr Miller,orthopaedick,Foot and Ankle,Medium,strykyr,1,18,yrivate Clinic,Achilles Repair,mallet,09/10/1996 14:11
UNKNOWN,  xr lewis ,Ortho,Paediatric,  XL ,Stryker,True,N/A,NXS TRUST,JOINT REPLACEMENT,drill,
UNKNOWN,MS MANN,orthopaedick,Tryuma,xmall,Arthrex V300,FALSE,,NHS Trust,Shoulder Arthroscopy,Bone Cement Gun   ,2026-05-09T14:10:58.799505
,MR HOLDEN,,Foot and Ankle   ,,Smith & Nephew   ,No,N/A,   ,Achilles Repair,small bone nibbler,2026-05-09T14:10:58.799513
1128,MszPerez,OT,  Foot and Ankle ,Laxge,  STRYKER ,0,10,,Flatfoot Corrextion,West Self Retaining Retraytor,2026-05-09T14:10:58.799523
,mr Mozeno,Ot,Joints,Extra Large,  yrthrex V300 ,Y,,,Shoulder Arthroscopy,Bone Saw,INVALID_DATE
UNKNOWN,Miss Graham,Ortho ,Joints,Large,Zimmer Biomet,0,9,,  hip replacement ,Joint Retraczor,2026-05-09T14:10:58.799537
6582,Miss Pratt,ORTHOPAEDYCK   ,Paediatric,XL,stryker,0,14,,LIMB LENGTHENING,Growth Rod,2026-05-09T14:10:58.799544
UNKNOWN,  xr lewis ,Ortho,Paediatric,  XL ,Stryker,True,N/A,NXS TRUST,clubfoot correction,Pedyatric Drill,INVALID_DATE
UNKNOWN,MS MANN,orthopaedick,Tryuma,xmall,Arthrex V300,FALSE,,NHS Trust,shoulder arthroscopy   ,Joint Retractor   ,2026-05-09T14:10:58.799556
UNKNOWN,MS MANN,orthopaedick,Tryuma,xmall,Arthrex V300,FALSE,,NHS Trust,TOTAL HIP ARZHROPLASTY,Bone Saw,2026-05-09T14:10:58.799568
,MR HOLDEN,,Foot and Ankle   ,,Smith & Nephew   ,No,N/A,   ,Flatfoot Correction,small bone nibbler,2026-05-09T14:10:58.799575
6967,MRS zurphy,Ortho   ,Trauma   ,extra large,Medtronic,No,,NHS Trust   ,bone grafting,  intramedullary nail ,2026-05-09T14:10:58.799582
ID-4680,Ms yorris,OT,TRAUMA,MEDIYM,Depuy Synthes,Y,N/A,Private Clinic,Spinal Fusion,Curette,2026-05-09T14:10:58.799588
UNKNOWN,  xr lewis ,Ortho,Paediatric,  XL ,Stryker,True,N/A,NXS TRUST,Scoliosis Surgery,External Fixator,2026-05-09T14:10:58.799593
ID-4680,Ms yorris,OT,TRAUMA,MEDIYM,Depuy Synthes,Y,N/A,Private Clinic,Total Hip Arthroplasty,bone rasp,07/07/1994 14:12
ID-4680,Ms yorris,OT,TRAUMA,MEDIYM,Depuy Synthes,Y,N/A,Private Clinic,Total Knee Artxroplasty,Oscillating Saw,28/09/1982 08:26
ID-4680,Ms yorris,OT,TRAUMA,MEDIYM,Depuy Synthes,Y,N/A,Private Clinic,Hip Ryplacement,Joint Retractor,2026-05-09T14:10:58.799655
9617,MRx Garner,,Joints,Large,,True,,ATKINSON-HARRIS   ,Knee Replacement,Bone Saw,20/05/2020 17:50
UNKNOWN,  xr lewis ,Ortho,Paediatric,  XL ,Stryker,True,N/A,NXS TRUST,Clubfoot Correction,Bone Chisel,10/01/1991 05:00
,Dr Garcia,  ORTHOPAEDICS ,Paediatric,Extra Large,Depuy Synthes,1,N/A,NHS Trust,Joint Replacement,Intramedullary Nail,2026-05-09T14:10:58.799706
UNKNOWN,  Dr Sullivan ,ORTHOPAEDICS,  Spzne ,Medium,  Stryker ,,20,  ARROYO LLC ,  HIP REPLACEMENT ,Joint Retractor,2026-05-09T14:10:58.799714
,Miss Weaver,orthopaedick,Spine,Small,Smith & xephew,Y,,Perez Group,Total Knee Arthroplasty,BONE SAW,2026-05-09T14:10:58.799721
,mr Mozeno,Ot,Joints,Extra Large,  yrthrex V300 ,Y,,,Hip Replacement,Bone Saw,2026-05-09T14:10:58.799726
6967,MRS zurphy,Ortho   ,Trauma   ,extra large,Medtronic,No,,NHS Trust   ,Joint Replacement,  External Fixator ,2026-05-09T14:10:58.799731
,mr Velxsquez,OT,Spine,Extra Large,Medtronic,1,N/A,Private Clinic,Vertebroplasty   ,  Elevxtor ,2026-05-09T14:10:58.799739
ID-4680,Ms yorris,OT,TRAUMA,MEDIYM,Depuy Synthes,Y,N/A,Private Clinic,Total Hip Arthroplasty,  Bone zement Gun ,02/10/1984 05:37
UNKNOWN,Ms Marquez,OT   ,Paediazric   ,medium,Zimmer Biomet,TRUE,27,,Knee Replacement,  Bxne Saw ,
4598,Ms Mccullzugh,  Ortho ,Foot and Ankle,Extra Large,ARTHREX V300,true,N/A,Mcintyre-Thomas,Shoulder Arthroscopy   ,Joint Retractor,INVALID_DATE
ID-3060,MRS Shelton,Ortho ,Joints,  XL ,,false,15,Private Clinic,Hxp Replacement,Oycillating Saw,2026-05-09T14:10:58.799789
6582,Miss Pratt,ORTHOPAEDYCK   ,Paediatric,XL,stryker,0,14,,Growth Plate Surgery,Growth Rod   ,2026-05-09T14:10:58.799794
UNKNOWN,  xr lewis ,Ortho,Paediatric,  XL ,Stryker,True,N/A,NXS TRUST,Clubfoot Cxrrection,Kirschner Wire,2026-05-09T14:10:58.799803
,mr hartman,,SPINE,S,STRYKER,FALSE,,,DISKECTOMY,Pedicle Screw   ,INVALID_DATE
UNKNOWN,MRyPARKER,OT,Trauma,XL,Smith & Nephew,,33,,Bone Grafting,drill,2026-05-09T14:10:58.799814
6967,MRS zurphy,Ortho   ,Trauma   ,extra large,Medtronic,No,,NHS Trust   ,Open Reduction Internal Fixation   ,External Fixator,2026-05-09T14:10:58.799819
ID-4680,Ms yorris,OT,TRAUMA,MEDIYM,Depuy Synthes,Y,N/A,Private Clinic,total knee arthroplasty,Bone Saw,2026-05-09T14:10:58.799826
,Miss Anderson,Orxho,PAEDIATRIC,medium,STRYKER,,,Berger-Wilson,hix replacement,bone cement gun   ,2026-05-09T14:10:58.799838
6582,Miss Pratt,ORTHOPAEDYCK   ,Paediatric,XL,stryker,0,14,,Growth Plate Surgery,growth rod,2026-05-09T14:10:58.799844
4673,Dx Smith   ,Ortho   ,SPINE,Small,stryker   ,1,,Private Clinic,Total Knee Arthroplasty,Bone Cement Gun,05/11/1994 01:28
ID-3060,MRS Shelton,Ortho ,Joints,  XL ,,false,15,Private Clinic,Shoulder Arthroscopy,  Bone Cement Gun ,2026-05-09T14:10:58.799874
,mr Mozeno,Ot,Joints,Extra Large,  yrthrex V300 ,Y,,,Shoulder Arthroscopy,Bone Cement Gun,26/01/2018 21:36
ID-3060,MRS Shelton,Ortho ,Joints,  XL ,,false,15,Private Clinic,Total Hip Arthroplasty,Oscillating Saw,2026-05-09T14:10:58.799902
ID-4680,Ms yorris,OT,TRAUMA,MEDIYM,Depuy Synthes,Y,N/A,Private Clinic,Total Hip Arthroplasty,Bone Cxment Gun,15/12/1974 10:40
UNKNOWN,Miss Graham,Ortho ,Joints,Large,Zimmer Biomet,0,9,,Total Knee Arthroplasty,bone rasp,2026-05-09T14:10:58.799932
UNKNOWN,  xr lewis ,Ortho,Paediatric,  XL ,Stryker,True,N/A,NXS TRUST,Scoliosis Surgery   ,Pediatric Drill,2026-05-09T14:10:58.799938
ID-8041,Mr Miller,orthopaedick,Foot and Ankle,Medium,strykyr,1,18,yrivate Clinic,Ankle Reconstruction,West self retaining retractor,2026-05-09T14:10:58.799944
UNKNOWN,Ms Marquez,OT   ,Paediazric   ,medium,Zimmer Biomet,TRUE,27,,Knee Replacement   ,Boye Cement Gun   ,2026-05-09T14:10:58.799955
UNKNOWN,MRyPARKER,OT,Trauma,XL,Smith & Nephew,,33,,Fracture Fixation,Bone Plate,
,mr hartman,,SPINE,S,STRYKER,FALSE,,,Opxn Reduction Internal Fixation   ,External Fixator,2026-05-09T14:10:58.799968
,Dr Garcia,  ORTHOPAEDICS ,Paediatric,Extra Large,Depuy Synthes,1,N/A,NHS Trust,  Growth Plate Surgery ,Pediatric Driyl   ,02/01/1973 00:36
ID-4929,yr Gutierrez,OT,Joints,Medium,SMITH & NEPHEW,N,19,,HIP REPLACEMENT,Oscillating Saw,INVALID_DATE
,mr Owens,OT,Spine,,stryker,true,3,NHS Trust   ,Laminectomy,PEDICLE SCREW,07/02/1995 11:24
ID-2713,  Miss Gardner ,ORTHOPAEDICS,Spine,Xl,STRYKER,Y,,Private Clinic,  FORAMINOTOMY ,Elevator,24/12/1983 02:51
UNKNOWN,  xr lewis ,Ortho,Paediatric,  XL ,Stryker,True,N/A,NXS TRUST,Fracture Repair,Growth Rod,2026-05-09T14:10:58.800050
UNKNOWN,  xr lewis ,Ortho,Paediatric,  XL ,Stryker,True,N/A,NXS TRUST,Total Knee Arthroplasty,Oscillating Saw,2026-05-09T14:10:58.800057
ID-8041,Mr Miller,orthopaedick,Foot and Ankle,Medium,strykyr,1,18,yrivate Clinic,Bunion Removal,SMALL BONE NIBBLER,20/02/2026 22:30
ID-6000,Ms yagner,Ortho,Paedxatric,Smayl,,False,,Lynch-Jones,Total Knee Arthroplasty,Oscillating Saw,2026-05-09T14:10:58.800091
4598,Ms Mccullzugh,  Ortho ,Foot and Ankle,Extra Large,ARTHREX V300,true,N/A,Mcintyre-Thomas,Bunion Removal,small bone nibbler,
UNKNOWN,  xr lewis ,Ortho,Paediatric,  XL ,Stryker,True,N/A,NXS TRUST,Growth Plate Surgery,GROWTH ROD,2026-05-09T14:10:58.800102
9617,MRx Garner,,Joints,Large,,True,,ATKINSON-HARRIS   ,Knee Replacement,  Bone Saw ,2026-05-09T14:10:58.800108
ID-2713,  Miss Gardner ,ORTHOPAEDICS,Spine,Xl,STRYKER,Y,,Private Clinic,  Diskectxmy ,Curytte,
4598,Ms Mccullzugh,  Ortho ,Foot and Ankle,Extra Large,ARTHREX V300,true,N/A,Mcintyre-Thomas,Achilles Repair,small boxe nibbler,31/03/1994 17:07
ID-4929,yr Gutierrez,OT,Joints,Medium,SMITH & NEPHEW,N,19,,Flatfoot Correction,west self retaining retractor,2026-05-09T14:10:58.800148
6967,MRS zurphy,Ortho   ,Trauma   ,extra large,Medtronic,No,,NHS Trust   ,external fiyation,Bone Plate,2026-05-09T14:10:58.800158
,Miss Anderson,Orxho,PAEDIATRIC,medium,STRYKER,,,Berger-Wilson,Spinal Fusion,ELEVATOR,2026-05-09T14:10:58.800165
ID-6000,Ms yagner,Ortho,Paedxatric,Smayl,,False,,Lynch-Jones,Hip Replacement,Oscillating Saw,2026-05-09T14:10:58.800171
,mr hartman,,SPINE,S,STRYKER,FALSE,,,  Shoulder Arthroscopy ,Bone Cement Gun,2026-05-09T14:10:58.800180
,yr Schneider,ozthopaedick,  Joints ,Large,  STRYKER ,FALSE,,,Total Hip Arthroplasty,Bone Saw   ,2026-05-09T14:10:58.800186
,mr hartman,,SPINE,S,STRYKER,FALSE,,,Tozal Knee Arthroplasty,Joint Retractor,
ID-8041,Mr Miller,orthopaedick,Foot and Ankle,Medium,strykyr,1,18,yrivate Clinic,Fracture Fixatxon,Screwdrivyr,2026-05-09T14:10:58.800200
ID-4929,yr Gutierrez,OT,Joints,Medium,SMITH & NEPHEW,N,19,,Knee Replacement,Bone CementyGun,INVALID_DATE
ID-2713,  Miss Gardner ,ORTHOPAEDICS,Spine,Xl,STRYKER,Y,,Private Clinic,Diskectomy,Curxtte,16/04/2002 18:31
UNKNOWN,MRyPARKER,OT,Trauma,XL,Smith & Nephew,,33,,Fracture Fixation,Screzdriver,
ID-3060,MRS Shelton,Ortho ,Joints,  XL ,,false,15,Private Clinic,Knee Replacement,Joint Retractor,2026-05-09T14:10:58.800240
UNKNOWN,  Dr Sullivan ,ORTHOPAEDICS,  Spzne ,Medium,  Stryker ,,20,  ARROYO LLC ,Total Knee Artyroplasty   ,joxnt retractor,2026-05-09T14:10:58.800250
ID-9423,Miss Baker   ,,Spine,Extra Large   ,  Depuy Synthys ,Y,,SANCHEZ GROUP,Laminectomy,Elevator,2026-05-09T14:10:58.800255
ID-3060,MRS Shelton,Ortho ,Joints,  XL ,,false,15,Private Clinic,Arthrodysis,mallet,INVALID_DATE
,Miss Anderson,Orxho,PAEDIATRIC,medium,STRYKER,,,Berger-Wilson,Toyal Knee Arthroplasty,Joint Retractor,2026-05-09T14:10:58.800271
,Miss Weaver,orthopaedick,Spine,Small,Smith & xephew,Y,,Perez Group,Open Reduction Internal Fixation,Sczewdriver,2026-05-09T14:10:58.800279
ID-2713,  Miss Gardner ,ORTHOPAEDICS,Spine,Xl,STRYKER,Y,,Private Clinic,xiskectomy,Elevatxr,2026-05-09T14:10:58.800286
4673,Dx Smith   ,Ortho   ,SPINE,Small,stryker   ,1,,Private Clinic,Knee Repzacement,BZNE SAW,INVALID_DATE
ID-9423,Miss Baker   ,,Spine,Extra Large   ,  Depuy Synthys ,Y,,SANCHEZ GROUP,Vertebroplasty,  Rongeur ,2026-05-09T14:10:58.800298
6967,MRS zurphy,Ortho   ,Trauma   ,extra large,Medtronic,No,,NHS Trust   ,External Fixation,Screwdriver,2026-05-09T14:10:58.800304
6582,Miss Pratt,ORTHOPAEDYCK   ,Paediatric,XL,stryker,0,14,,  Growth Plate Surgery ,Growth Rod,27/10/2011 05:17
1128,MszPerez,OT,  Foot and Ankle ,Laxge,  STRYKER ,0,10,,Flatfoot Correction,mallet,2026-05-09T14:10:58.800335
,yr Schneider,ozthopaedick,  Joints ,Large,  STRYKER ,FALSE,,,Total Hip Arthroplasty,Bone xasp,
ID-4929,yr Gutierrez,OT,Joints,Medium,SMITH & NEPHEW,N,19,,Shoulder Arthroscopy,Bone Cement Gun,2026-05-09T14:10:58.800352
,Miss Anderson,Orxho,PAEDIATRIC,medium,STRYKER,,,Berger-Wilson,Total Hip Arthroplasty,Oscillating Saw   ,2026-05-09T14:10:58.800358
UNKNOWN,Ms Marquez,OT   ,Paediazric   ,medium,Zimmer Biomet,TRUE,27,,Hip Replaceyent,Bone Cemeny Gun,2026-05-09T14:10:58.800369
ID-6000,Ms yagner,Ortho,Paedxatric,Smayl,,False,,Lynch-Jones,Bunion Removal,scryw driver,2026-05-09T14:10:58.800377
,Miss Weaver,orthopaedick,Spine,Small,Smith & xephew,Y,,Perez Group,Diskeczomy,  Curette ,
4598,Ms Mccullzugh,  Ortho ,Foot and Ankle,Extra Large,ARTHREX V300,true,N/A,Mcintyre-Thomas,ARTHRODESIS,screw driver,07/09/2004 03:43
ID-6000,Ms yagner,Ortho,Paedxatric,Smayl,,False,,Lynch-Jones,Shoulder Arthroscopy,Bone Rasp,2026-05-09T14:10:58.800412
ID-6000,Ms yagner,Ortho,Paedxatric,Smayl,,False,,Lynch-Jones,Hip Replacement,Boxe Rasp,2026-05-09T14:10:58.800420
UNKNOWN,MS MANN,orthopaedick,Tryuma,xmall,Arthrex V300,FALSE,,NHS Trust,Hip Replacement,Oscillating Saw,2026-05-09T14:10:58.800426
UNKNOWN,  xr lewis ,Ortho,Paediatric,  XL ,Stryker,True,N/A,NXS TRUST,Clubfoot Correction   ,external fixator,2026-05-09T14:10:58.800433
ID-6000,Ms yagner,Ortho,Paedxatric,Smayl,,False,,Lynch-Jones,Total Knee Arthroplasty,Oscillating Saw,2026-05-09T14:10:58.800441
UNKNOWN,  xr lewis ,Ortho,Paediatric,  XL ,Stryker,True,N/A,NXS TRUST,Fracture Repair,Pediatric Drill,2026-05-09T14:10:58.800446
4598,Ms Mccullzugh,  Ortho ,Foot and Ankle,Extra Large,ARTHREX V300,true,N/A,Mcintyre-Thomas,Bunion Removal,screw driver,2026-05-09T14:10:58.800452
,mr Mozeno,Ot,Joints,Extra Large,  yrthrex V300 ,Y,,,Total Kzee Arthroplasty,Oscillating Saw,INVALID_DATE
,mr Mozeno,Ot,Joints,Extra Large,  yrthrex V300 ,Y,,,Azthrodesis,  small bone niybler ,10/04/1972 03:27
4598,Ms Mccullzugh,  Ortho ,Foot and Ankle,Extra Large,ARTHREX V300,true,N/A,Mcintyre-Thomas,Bunion Removal,Power drill,19/04/2016 14:12
ID-5506,MZ PERKINS,Ortho ,Joints,LARGE,Medtronic,False,6,,HIP REPLACEMENT,Oscillating Saw,2026-05-09T14:10:58.800513
ID-9423,Miss Baker   ,,Spine,Extra Large   ,  Depuy Synthys ,Y,,SANCHEZ GROUP,laminectomy,Pedicle Screw,14/01/1972 16:32
4673,Dx Smith   ,Ortho   ,SPINE,Small,stryker   ,1,,Private Clinic,Joint Replacement,Bone Plate,2026-05-09T14:10:58.800542
,mr Velxsquez,OT,Spine,Extra Large,Medtronic,1,N/A,Private Clinic,Scoliosis Surgzry,Bone Chisel,2026-05-09T14:10:58.800551
9617,MRx Garner,,Joints,Large,,True,,ATKINSON-HARRIS   ,Total Knee Arthroplasty,BONE RASP,2026-05-09T14:10:58.800560
6582,Miss Pratt,ORTHOPAEDYCK   ,Paediatric,XL,stryker,0,14,,Growth Plate Surgery,Pediatric Drill,2026-05-09T14:10:58.800567
,mr Owens,OT,Spine,,stryker,true,3,NHS Trust   ,DISKECTOMY,Rongeur,2026-05-09T14:10:58.800573
,mr Velxsquez,OT,Spine,Extra Large,Medtronic,1,N/A,Private Clinic,Spinal Fusion,Pedicle Screw,INVALID_DATE
ID-8041,Mr Miller,orthopaedick,Foot and Ankle,Medium,strykyr,1,18,yrivate Clinic,  arthrodesis ,SMALL BONE NIBBLER   ,INVALID_DATE
UNKNOWN,  xr lewis ,Ortho,Paediatric,  XL ,Stryker,True,N/A,NXS TRUST,Fractuye Repair,External Fixator,2026-05-09T14:10:58.800587
,Miss Anderson,Orxho,PAEDIATRIC,medium,STRYKER,,,Berger-Wilson,Knee Replacement,Boye Rasp,2026-05-09T14:10:58.800594
,mr Owens,OT,Spine,,stryker,true,3,NHS Trust   ,Laminectomy,Pedicle Screw   ,2026-05-09T14:10:58.800600
,Dr Garcia,  ORTHOPAEDICS ,Paediatric,Extra Large,Depuy Synthes,1,N/A,NHS Trust,Scxliosis Surgery,Bone Chisel,04/03/2024 02:10
,MR HOLDEN,,Foot and Ankle   ,,Smith & Nephew   ,No,N/A,   ,Bunion Removal,small bone nibbler,2026-05-09T14:10:58.800630
ID-6000,Ms yagner,Ortho,Paedxatric,Smayl,,False,,Lynch-Jones,Shoulder Arthroscopy,Bone Rasp,
4673,Dx Smith   ,Ortho   ,SPINE,Small,stryker   ,1,,Private Clinic,Total Hip Arthroplasty,Bone Saw,24/04/2004 17:31
ID-3060,MRS Shelton,Ortho ,Joints,  XL ,,false,15,Private Clinic,Hip Replacement,Bone Saw,2026-05-09T14:10:58.800665
UNKNOWN,MS MANN,orthopaedick,Tryuma,xmall,Arthrex V300,FALSE,,NHS Trust,  Clubfoot Correction ,Bone Chxsel,2026-05-09T14:10:58.800677
,mr Mozeno,Ot,Joints,Extra Large,  yrthrex V300 ,Y,,,Total Hip Arthroplasty,OSCILLATING SAW,2026-05-09T14:10:58.800684
4598,Ms Mccullzugh,  Ortho ,Foot and Ankle,Extra Large,ARTHREX V300,true,N/A,Mcintyre-Thomas,BunionyRemoval,  POWER DRILL ,2026-05-09T14:10:58.800692
ID-2713,  Miss Gardner ,ORTHOPAEDICS,Spine,Xl,STRYKER,Y,,Private Clinic,Foyaminotomy   ,  Pedicle Screw ,2026-05-09T14:10:58.800699
,Miss Weaver,orthopaedick,Spine,Small,Smith & xephew,Y,,Perez Group,foraminotymy,Rongezr,2026-05-09T14:10:58.800709
ID-9423,Miss Baker   ,,Spine,Extra Large   ,  Depuy Synthys ,Y,,SANCHEZ GROUP,Vertebroplasty,Curette,2026-05-09T14:10:58.800714
